-- phpMyAdmin SQL Dump
-- version 4.6.5.2
-- https://www.phpmyadmin.net/
--
-- Host: 127.0.0.1
-- Generation Time: Sep 18, 2017 at 02:20 PM
-- Server version: 10.1.21-MariaDB
-- PHP Version: 5.6.30

SET SQL_MODE = "NO_AUTO_VALUE_ON_ZERO";
SET time_zone = "+00:00";


/*!40101 SET @OLD_CHARACTER_SET_CLIENT=@@CHARACTER_SET_CLIENT */;
/*!40101 SET @OLD_CHARACTER_SET_RESULTS=@@CHARACTER_SET_RESULTS */;
/*!40101 SET @OLD_COLLATION_CONNECTION=@@COLLATION_CONNECTION */;
/*!40101 SET NAMES utf8mb4 */;

--
-- Database: `bombay_v1`
--

-- --------------------------------------------------------

--
-- Table structure for table `session_table`
--

CREATE TABLE `session_table` (
  `id` varchar(40) NOT NULL,
  `ip_address` varchar(45) NOT NULL,
  `timestamp` int(10) UNSIGNED NOT NULL DEFAULT '0',
  `data` blob NOT NULL
) ENGINE=InnoDB DEFAULT CHARSET=latin1;

--
-- Dumping data for table `session_table`
--

INSERT INTO `session_table` (`id`, `ip_address`, `timestamp`, `data`) VALUES
('02deb20e73481f528abd8b26e8dfa58e73d89d77', '::1', 1505455700, 0x5f5f63695f6c6173745f726567656e65726174657c693a313530353435353435383b757365725f69647c733a313a2231223b757365725f747970657c733a353a2241444d494e223b66697273745f6e616d657c733a353a2241646d696e223b6c6173745f6e616d657c733a303a22223b6d6964646c655f6e616d657c733a303a22223b656d61696c7c733a31353a2261646d696e40676d61696c2e636f6d223b70617373776f72647c733a333a22313233223b6c6f676765645f696e7c733a343a2254525545223b6c6173745f6c6f67696e7c733a31393a22303030302d30302d30302030303a30303a3030223b636172745f636f6e74656e74737c613a343a7b733a31303a22636172745f746f74616c223b643a31323530303b733a31313a22746f74616c5f6974656d73223b643a323b733a33323a226338316537323864396434633266363336663036376638396363313438363263223b613a393a7b733a323a226964223b733a313a2232223b733a343a226e616d65223b733a32323a225461616e742066726f6d20576573742042656e67616c223b733a353a227072696365223b643a353030303b733a353a22696d616765223b733a33313a22505f32303137303830355f3131353935395f764844525f4175746f2e6a7067223b733a353a22636f6c6f72223b733a303a22223b733a343a2273697a65223b733a303a22223b733a333a22717479223b643a313b733a353a22726f776964223b733a33323a226338316537323864396434633266363336663036376638396363313438363263223b733a383a22737562746f74616c223b643a353030303b7d733a33323a226138376666363739613266336537316439313831613637623735343231323263223b613a393a7b733a323a226964223b733a313a2234223b733a343a226e616d65223b733a373a2253617265652033223b733a353a227072696365223b643a373530303b733a353a22696d616765223b733a31343a224453435f363731352d302e6a7067223b733a353a22636f6c6f72223b733a303a22223b733a343a2273697a65223b733a303a22223b733a333a22717479223b643a313b733a353a22726f776964223b733a33323a226138376666363739613266336537316439313831613637623735343231323263223b733a383a22737562746f74616c223b643a373530303b7d7d),
('0a583e0940db6a2ab98f18fb8062851dc910f18c', '::1', 1505466044, 0x5f5f63695f6c6173745f726567656e65726174657c693a313530353436353734353b757365725f69647c733a313a2231223b757365725f747970657c733a353a2241444d494e223b66697273745f6e616d657c733a353a2241646d696e223b6c6173745f6e616d657c733a303a22223b6d6964646c655f6e616d657c733a303a22223b656d61696c7c733a31353a2261646d696e40676d61696c2e636f6d223b70617373776f72647c733a333a22313233223b6c6f676765645f696e7c733a343a2254525545223b6c6173745f6c6f67696e7c733a31393a22303030302d30302d30302030303a30303a3030223b636172745f636f6e74656e74737c613a343a7b733a31303a22636172745f746f74616c223b643a31323530303b733a31313a22746f74616c5f6974656d73223b643a323b733a33323a226338316537323864396434633266363336663036376638396363313438363263223b613a393a7b733a323a226964223b733a313a2232223b733a343a226e616d65223b733a32323a225461616e742066726f6d20576573742042656e67616c223b733a353a227072696365223b643a353030303b733a353a22696d616765223b733a33313a22505f32303137303830355f3131353935395f764844525f4175746f2e6a7067223b733a353a22636f6c6f72223b733a303a22223b733a343a2273697a65223b733a303a22223b733a333a22717479223b643a313b733a353a22726f776964223b733a33323a226338316537323864396434633266363336663036376638396363313438363263223b733a383a22737562746f74616c223b643a353030303b7d733a33323a226138376666363739613266336537316439313831613637623735343231323263223b613a393a7b733a323a226964223b733a313a2234223b733a343a226e616d65223b733a373a2253617265652033223b733a353a227072696365223b643a373530303b733a353a22696d616765223b733a31343a224453435f363731352d302e6a7067223b733a353a22636f6c6f72223b733a303a22223b733a343a2273697a65223b733a303a22223b733a333a22717479223b643a313b733a353a22726f776964223b733a33323a226138376666363739613266336537316439313831613637623735343231323263223b733a383a22737562746f74616c223b643a373530303b7d7d),
('0bca66cec379554834f9d4bbbe06b56db3b6bde5', '::1', 1505464736, 0x5f5f63695f6c6173745f726567656e65726174657c693a313530353436343435333b757365725f69647c733a313a2231223b757365725f747970657c733a353a2241444d494e223b66697273745f6e616d657c733a353a2241646d696e223b6c6173745f6e616d657c733a303a22223b6d6964646c655f6e616d657c733a303a22223b656d61696c7c733a31353a2261646d696e40676d61696c2e636f6d223b70617373776f72647c733a333a22313233223b6c6f676765645f696e7c733a343a2254525545223b6c6173745f6c6f67696e7c733a31393a22303030302d30302d30302030303a30303a3030223b636172745f636f6e74656e74737c613a343a7b733a31303a22636172745f746f74616c223b643a31323530303b733a31313a22746f74616c5f6974656d73223b643a323b733a33323a226338316537323864396434633266363336663036376638396363313438363263223b613a393a7b733a323a226964223b733a313a2232223b733a343a226e616d65223b733a32323a225461616e742066726f6d20576573742042656e67616c223b733a353a227072696365223b643a353030303b733a353a22696d616765223b733a33313a22505f32303137303830355f3131353935395f764844525f4175746f2e6a7067223b733a353a22636f6c6f72223b733a303a22223b733a343a2273697a65223b733a303a22223b733a333a22717479223b643a313b733a353a22726f776964223b733a33323a226338316537323864396434633266363336663036376638396363313438363263223b733a383a22737562746f74616c223b643a353030303b7d733a33323a226138376666363739613266336537316439313831613637623735343231323263223b613a393a7b733a323a226964223b733a313a2234223b733a343a226e616d65223b733a373a2253617265652033223b733a353a227072696365223b643a373530303b733a353a22696d616765223b733a31343a224453435f363731352d302e6a7067223b733a353a22636f6c6f72223b733a303a22223b733a343a2273697a65223b733a303a22223b733a333a22717479223b643a313b733a353a22726f776964223b733a33323a226138376666363739613266336537316439313831613637623735343231323263223b733a383a22737562746f74616c223b643a373530303b7d7d),
('0de58f892a332673f3a7019179e406319c0d1544', '::1', 1505449230, 0x5f5f63695f6c6173745f726567656e65726174657c693a313530353434383936333b757365725f69647c733a313a2232223b757365725f747970657c733a383a22437573746f6d6572223b66697273745f6e616d657c733a333a2252616a223b6c6173745f6e616d657c733a353a224b756d6172223b6d6964646c655f6e616d657c733a303a22223b656d61696c7c733a31333a2272616a40676d61696c2e636f6d223b70617373776f72647c733a333a22313233223b6c6f676765645f696e7c733a343a2254525545223b6c6173745f6c6f67696e7c733a31393a22303030302d30302d30302030303a30303a3030223b636172745f636f6e74656e74737c613a333a7b733a31303a22636172745f746f74616c223b643a353030303b733a31313a22746f74616c5f6974656d73223b643a313b733a33323a226338316537323864396434633266363336663036376638396363313438363263223b613a393a7b733a323a226964223b733a313a2232223b733a343a226e616d65223b733a32323a225461616e742066726f6d20576573742042656e67616c223b733a353a227072696365223b643a353030303b733a353a22696d616765223b733a33313a22505f32303137303830355f3131353935395f764844525f4175746f2e6a7067223b733a353a22636f6c6f72223b733a303a22223b733a343a2273697a65223b733a303a22223b733a333a22717479223b643a313b733a353a22726f776964223b733a33323a226338316537323864396434633266363336663036376638396363313438363263223b733a383a22737562746f74616c223b643a353030303b7d7d),
('0e1484719114fefabb2b34ffca466f3aaa9fd280', '::1', 1505459873, 0x5f5f63695f6c6173745f726567656e65726174657c693a313530353435393539393b757365725f69647c733a313a2231223b757365725f747970657c733a353a2241444d494e223b66697273745f6e616d657c733a353a2241646d696e223b6c6173745f6e616d657c733a303a22223b6d6964646c655f6e616d657c733a303a22223b656d61696c7c733a31353a2261646d696e40676d61696c2e636f6d223b70617373776f72647c733a333a22313233223b6c6f676765645f696e7c733a343a2254525545223b6c6173745f6c6f67696e7c733a31393a22303030302d30302d30302030303a30303a3030223b636172745f636f6e74656e74737c613a343a7b733a31303a22636172745f746f74616c223b643a31323530303b733a31313a22746f74616c5f6974656d73223b643a323b733a33323a226338316537323864396434633266363336663036376638396363313438363263223b613a393a7b733a323a226964223b733a313a2232223b733a343a226e616d65223b733a32323a225461616e742066726f6d20576573742042656e67616c223b733a353a227072696365223b643a353030303b733a353a22696d616765223b733a33313a22505f32303137303830355f3131353935395f764844525f4175746f2e6a7067223b733a353a22636f6c6f72223b733a303a22223b733a343a2273697a65223b733a303a22223b733a333a22717479223b643a313b733a353a22726f776964223b733a33323a226338316537323864396434633266363336663036376638396363313438363263223b733a383a22737562746f74616c223b643a353030303b7d733a33323a226138376666363739613266336537316439313831613637623735343231323263223b613a393a7b733a323a226964223b733a313a2234223b733a343a226e616d65223b733a373a2253617265652033223b733a353a227072696365223b643a373530303b733a353a22696d616765223b733a31343a224453435f363731352d302e6a7067223b733a353a22636f6c6f72223b733a303a22223b733a343a2273697a65223b733a303a22223b733a333a22717479223b643a313b733a353a22726f776964223b733a33323a226138376666363739613266336537316439313831613637623735343231323263223b733a383a22737562746f74616c223b643a373530303b7d7d),
('137bc4cdb4d8d7ec7b61216a70ef9fee0e22747f', '::1', 1505465004, 0x5f5f63695f6c6173745f726567656e65726174657c693a313530353436343736353b757365725f69647c733a313a2231223b757365725f747970657c733a353a2241444d494e223b66697273745f6e616d657c733a353a2241646d696e223b6c6173745f6e616d657c733a303a22223b6d6964646c655f6e616d657c733a303a22223b656d61696c7c733a31353a2261646d696e40676d61696c2e636f6d223b70617373776f72647c733a333a22313233223b6c6f676765645f696e7c733a343a2254525545223b6c6173745f6c6f67696e7c733a31393a22303030302d30302d30302030303a30303a3030223b636172745f636f6e74656e74737c613a343a7b733a31303a22636172745f746f74616c223b643a31323530303b733a31313a22746f74616c5f6974656d73223b643a323b733a33323a226338316537323864396434633266363336663036376638396363313438363263223b613a393a7b733a323a226964223b733a313a2232223b733a343a226e616d65223b733a32323a225461616e742066726f6d20576573742042656e67616c223b733a353a227072696365223b643a353030303b733a353a22696d616765223b733a33313a22505f32303137303830355f3131353935395f764844525f4175746f2e6a7067223b733a353a22636f6c6f72223b733a303a22223b733a343a2273697a65223b733a303a22223b733a333a22717479223b643a313b733a353a22726f776964223b733a33323a226338316537323864396434633266363336663036376638396363313438363263223b733a383a22737562746f74616c223b643a353030303b7d733a33323a226138376666363739613266336537316439313831613637623735343231323263223b613a393a7b733a323a226964223b733a313a2234223b733a343a226e616d65223b733a373a2253617265652033223b733a353a227072696365223b643a373530303b733a353a22696d616765223b733a31343a224453435f363731352d302e6a7067223b733a353a22636f6c6f72223b733a303a22223b733a343a2273697a65223b733a303a22223b733a333a22717479223b643a313b733a353a22726f776964223b733a33323a226138376666363739613266336537316439313831613637623735343231323263223b733a383a22737562746f74616c223b643a373530303b7d7d),
('194a32dcf369b3a355b0fb0d729f3fdbcb269581', '::1', 1505451880, 0x5f5f63695f6c6173745f726567656e65726174657c693a313530353435313630393b757365725f69647c733a313a2232223b757365725f747970657c733a383a22437573746f6d6572223b66697273745f6e616d657c733a333a2252616a223b6c6173745f6e616d657c733a353a224b756d6172223b6d6964646c655f6e616d657c733a303a22223b656d61696c7c733a31333a2272616a40676d61696c2e636f6d223b70617373776f72647c733a333a22313233223b6c6f676765645f696e7c733a343a2254525545223b6c6173745f6c6f67696e7c733a31393a22303030302d30302d30302030303a30303a3030223b636172745f636f6e74656e74737c613a343a7b733a31303a22636172745f746f74616c223b643a31323530303b733a31313a22746f74616c5f6974656d73223b643a323b733a33323a226338316537323864396434633266363336663036376638396363313438363263223b613a393a7b733a323a226964223b733a313a2232223b733a343a226e616d65223b733a32323a225461616e742066726f6d20576573742042656e67616c223b733a353a227072696365223b643a353030303b733a353a22696d616765223b733a33313a22505f32303137303830355f3131353935395f764844525f4175746f2e6a7067223b733a353a22636f6c6f72223b733a303a22223b733a343a2273697a65223b733a303a22223b733a333a22717479223b643a313b733a353a22726f776964223b733a33323a226338316537323864396434633266363336663036376638396363313438363263223b733a383a22737562746f74616c223b643a353030303b7d733a33323a226138376666363739613266336537316439313831613637623735343231323263223b613a393a7b733a323a226964223b733a313a2234223b733a343a226e616d65223b733a373a2253617265652033223b733a353a227072696365223b643a373530303b733a353a22696d616765223b733a31343a224453435f363731352d302e6a7067223b733a353a22636f6c6f72223b733a303a22223b733a343a2273697a65223b733a303a22223b733a333a22717479223b643a313b733a353a22726f776964223b733a33323a226138376666363739613266336537316439313831613637623735343231323263223b733a383a22737562746f74616c223b643a373530303b7d7d),
('1c77986161cfe8ccf649be586f7e76d663f212d2', '::1', 1505465582, 0x5f5f63695f6c6173745f726567656e65726174657c693a313530353436353433333b757365725f69647c733a313a2231223b757365725f747970657c733a353a2241444d494e223b66697273745f6e616d657c733a353a2241646d696e223b6c6173745f6e616d657c733a303a22223b6d6964646c655f6e616d657c733a303a22223b656d61696c7c733a31353a2261646d696e40676d61696c2e636f6d223b70617373776f72647c733a333a22313233223b6c6f676765645f696e7c733a343a2254525545223b6c6173745f6c6f67696e7c733a31393a22303030302d30302d30302030303a30303a3030223b636172745f636f6e74656e74737c613a343a7b733a31303a22636172745f746f74616c223b643a31323530303b733a31313a22746f74616c5f6974656d73223b643a323b733a33323a226338316537323864396434633266363336663036376638396363313438363263223b613a393a7b733a323a226964223b733a313a2232223b733a343a226e616d65223b733a32323a225461616e742066726f6d20576573742042656e67616c223b733a353a227072696365223b643a353030303b733a353a22696d616765223b733a33313a22505f32303137303830355f3131353935395f764844525f4175746f2e6a7067223b733a353a22636f6c6f72223b733a303a22223b733a343a2273697a65223b733a303a22223b733a333a22717479223b643a313b733a353a22726f776964223b733a33323a226338316537323864396434633266363336663036376638396363313438363263223b733a383a22737562746f74616c223b643a353030303b7d733a33323a226138376666363739613266336537316439313831613637623735343231323263223b613a393a7b733a323a226964223b733a313a2234223b733a343a226e616d65223b733a373a2253617265652033223b733a353a227072696365223b643a373530303b733a353a22696d616765223b733a31343a224453435f363731352d302e6a7067223b733a353a22636f6c6f72223b733a303a22223b733a343a2273697a65223b733a303a22223b733a333a22717479223b643a313b733a353a22726f776964223b733a33323a226138376666363739613266336537316439313831613637623735343231323263223b733a383a22737562746f74616c223b643a373530303b7d7d),
('242a7c04aa57c530e2e383efa3c972486bf97e5b', '::1', 1505449548, 0x5f5f63695f6c6173745f726567656e65726174657c693a313530353434393239383b757365725f69647c733a313a2232223b757365725f747970657c733a383a22437573746f6d6572223b66697273745f6e616d657c733a333a2252616a223b6c6173745f6e616d657c733a353a224b756d6172223b6d6964646c655f6e616d657c733a303a22223b656d61696c7c733a31333a2272616a40676d61696c2e636f6d223b70617373776f72647c733a333a22313233223b6c6f676765645f696e7c733a343a2254525545223b6c6173745f6c6f67696e7c733a31393a22303030302d30302d30302030303a30303a3030223b636172745f636f6e74656e74737c613a343a7b733a31303a22636172745f746f74616c223b643a31323530303b733a31313a22746f74616c5f6974656d73223b643a323b733a33323a226338316537323864396434633266363336663036376638396363313438363263223b613a393a7b733a323a226964223b733a313a2232223b733a343a226e616d65223b733a32323a225461616e742066726f6d20576573742042656e67616c223b733a353a227072696365223b643a353030303b733a353a22696d616765223b733a33313a22505f32303137303830355f3131353935395f764844525f4175746f2e6a7067223b733a353a22636f6c6f72223b733a303a22223b733a343a2273697a65223b733a303a22223b733a333a22717479223b643a313b733a353a22726f776964223b733a33323a226338316537323864396434633266363336663036376638396363313438363263223b733a383a22737562746f74616c223b643a353030303b7d733a33323a226138376666363739613266336537316439313831613637623735343231323263223b613a393a7b733a323a226964223b733a313a2234223b733a343a226e616d65223b733a373a2253617265652033223b733a353a227072696365223b643a373530303b733a353a22696d616765223b733a31343a224453435f363731352d302e6a7067223b733a353a22636f6c6f72223b733a303a22223b733a343a2273697a65223b733a303a22223b733a333a22717479223b643a313b733a353a22726f776964223b733a33323a226138376666363739613266336537316439313831613637623735343231323263223b733a383a22737562746f74616c223b643a373530303b7d7d),
('25f0854e3b85a9c43fece8b5d644182e6f346863', '::1', 1505475586, 0x5f5f63695f6c6173745f726567656e65726174657c693a313530353437353538363b757365725f69647c733a303a22223b656d61696c7c733a303a22223b757365725f747970657c733a303a22223b66697273745f6e616d657c733a303a22223b6c6173745f6e616d657c733a303a22223b6d6964646c655f6e616d657c733a303a22223b70617373776f72647c733a303a22223b6c6f676765645f696e7c733a353a2246414c5345223b),
('27661aa998ccbc613fa60c47c93999867fb22f59', '::1', 1505460295, 0x5f5f63695f6c6173745f726567656e65726174657c693a313530353436303033373b757365725f69647c733a313a2231223b757365725f747970657c733a353a2241444d494e223b66697273745f6e616d657c733a353a2241646d696e223b6c6173745f6e616d657c733a303a22223b6d6964646c655f6e616d657c733a303a22223b656d61696c7c733a31353a2261646d696e40676d61696c2e636f6d223b70617373776f72647c733a333a22313233223b6c6f676765645f696e7c733a343a2254525545223b6c6173745f6c6f67696e7c733a31393a22303030302d30302d30302030303a30303a3030223b636172745f636f6e74656e74737c613a343a7b733a31303a22636172745f746f74616c223b643a31323530303b733a31313a22746f74616c5f6974656d73223b643a323b733a33323a226338316537323864396434633266363336663036376638396363313438363263223b613a393a7b733a323a226964223b733a313a2232223b733a343a226e616d65223b733a32323a225461616e742066726f6d20576573742042656e67616c223b733a353a227072696365223b643a353030303b733a353a22696d616765223b733a33313a22505f32303137303830355f3131353935395f764844525f4175746f2e6a7067223b733a353a22636f6c6f72223b733a303a22223b733a343a2273697a65223b733a303a22223b733a333a22717479223b643a313b733a353a22726f776964223b733a33323a226338316537323864396434633266363336663036376638396363313438363263223b733a383a22737562746f74616c223b643a353030303b7d733a33323a226138376666363739613266336537316439313831613637623735343231323263223b613a393a7b733a323a226964223b733a313a2234223b733a343a226e616d65223b733a373a2253617265652033223b733a353a227072696365223b643a373530303b733a353a22696d616765223b733a31343a224453435f363731352d302e6a7067223b733a353a22636f6c6f72223b733a303a22223b733a343a2273697a65223b733a303a22223b733a333a22717479223b643a313b733a353a22726f776964223b733a33323a226138376666363739613266336537316439313831613637623735343231323263223b733a383a22737562746f74616c223b643a373530303b7d7d),
('2ae68544250c76dc36e1e4e23edba5054ebaabf1', '::1', 1505456234, 0x5f5f63695f6c6173745f726567656e65726174657c693a313530353435363233343b757365725f69647c733a313a2231223b757365725f747970657c733a353a2241444d494e223b66697273745f6e616d657c733a353a2241646d696e223b6c6173745f6e616d657c733a303a22223b6d6964646c655f6e616d657c733a303a22223b656d61696c7c733a31353a2261646d696e40676d61696c2e636f6d223b70617373776f72647c733a333a22313233223b6c6f676765645f696e7c733a343a2254525545223b6c6173745f6c6f67696e7c733a31393a22303030302d30302d30302030303a30303a3030223b636172745f636f6e74656e74737c613a343a7b733a31303a22636172745f746f74616c223b643a31323530303b733a31313a22746f74616c5f6974656d73223b643a323b733a33323a226338316537323864396434633266363336663036376638396363313438363263223b613a393a7b733a323a226964223b733a313a2232223b733a343a226e616d65223b733a32323a225461616e742066726f6d20576573742042656e67616c223b733a353a227072696365223b643a353030303b733a353a22696d616765223b733a33313a22505f32303137303830355f3131353935395f764844525f4175746f2e6a7067223b733a353a22636f6c6f72223b733a303a22223b733a343a2273697a65223b733a303a22223b733a333a22717479223b643a313b733a353a22726f776964223b733a33323a226338316537323864396434633266363336663036376638396363313438363263223b733a383a22737562746f74616c223b643a353030303b7d733a33323a226138376666363739613266336537316439313831613637623735343231323263223b613a393a7b733a323a226964223b733a313a2234223b733a343a226e616d65223b733a373a2253617265652033223b733a353a227072696365223b643a373530303b733a353a22696d616765223b733a31343a224453435f363731352d302e6a7067223b733a353a22636f6c6f72223b733a303a22223b733a343a2273697a65223b733a303a22223b733a333a22717479223b643a313b733a353a22726f776964223b733a33323a226138376666363739613266336537316439313831613637623735343231323263223b733a383a22737562746f74616c223b643a373530303b7d7d),
('3bfc635d462ac0a041ea547a156e6da6a4538c98', '::1', 1505734814, 0x5f5f63695f6c6173745f726567656e65726174657c693a313530353733343635393b636172745f636f6e74656e74737c613a333a7b733a31303a22636172745f746f74616c223b643a373530303b733a31313a22746f74616c5f6974656d73223b643a313b733a33323a226138376666363739613266336537316439313831613637623735343231323263223b613a393a7b733a323a226964223b733a313a2234223b733a343a226e616d65223b733a373a2253617265652033223b733a353a227072696365223b643a373530303b733a353a22696d616765223b733a31343a224453435f363731352d302e6a7067223b733a353a22636f6c6f72223b733a303a22223b733a343a2273697a65223b733a303a22223b733a333a22717479223b643a313b733a353a22726f776964223b733a33323a226138376666363739613266336537316439313831613637623735343231323263223b733a383a22737562746f74616c223b643a373530303b7d7d757365725f69647c733a313a2232223b757365725f747970657c733a383a22437573746f6d6572223b66697273745f6e616d657c733a333a2252616a223b6c6173745f6e616d657c733a353a224b756d6172223b6d6964646c655f6e616d657c733a303a22223b656d61696c7c733a31333a2272616a40676d61696c2e636f6d223b6c6173745f6c6f67696e7c733a31393a22303030302d30302d30302030303a30303a3030223b6c6f676765645f696e7c733a343a2254525545223b),
('3f295e4e0c8a6f52379c78c17c00bb107775699c', '::1', 1505450091, 0x5f5f63695f6c6173745f726567656e65726174657c693a313530353435303032343b757365725f69647c733a313a2232223b757365725f747970657c733a383a22437573746f6d6572223b66697273745f6e616d657c733a333a2252616a223b6c6173745f6e616d657c733a353a224b756d6172223b6d6964646c655f6e616d657c733a303a22223b656d61696c7c733a31333a2272616a40676d61696c2e636f6d223b70617373776f72647c733a333a22313233223b6c6f676765645f696e7c733a343a2254525545223b6c6173745f6c6f67696e7c733a31393a22303030302d30302d30302030303a30303a3030223b636172745f636f6e74656e74737c613a343a7b733a31303a22636172745f746f74616c223b643a31323530303b733a31313a22746f74616c5f6974656d73223b643a323b733a33323a226338316537323864396434633266363336663036376638396363313438363263223b613a393a7b733a323a226964223b733a313a2232223b733a343a226e616d65223b733a32323a225461616e742066726f6d20576573742042656e67616c223b733a353a227072696365223b643a353030303b733a353a22696d616765223b733a33313a22505f32303137303830355f3131353935395f764844525f4175746f2e6a7067223b733a353a22636f6c6f72223b733a303a22223b733a343a2273697a65223b733a303a22223b733a333a22717479223b643a313b733a353a22726f776964223b733a33323a226338316537323864396434633266363336663036376638396363313438363263223b733a383a22737562746f74616c223b643a353030303b7d733a33323a226138376666363739613266336537316439313831613637623735343231323263223b613a393a7b733a323a226964223b733a313a2234223b733a343a226e616d65223b733a373a2253617265652033223b733a353a227072696365223b643a373530303b733a353a22696d616765223b733a31343a224453435f363731352d302e6a7067223b733a353a22636f6c6f72223b733a303a22223b733a343a2273697a65223b733a303a22223b733a333a22717479223b643a313b733a353a22726f776964223b733a33323a226138376666363739613266336537316439313831613637623735343231323263223b733a383a22737562746f74616c223b643a373530303b7d7d),
('3fe4bc069266941d3672a3914a326b4bee416778', '::1', 1505466428, 0x5f5f63695f6c6173745f726567656e65726174657c693a313530353436363432383b757365725f69647c733a303a22223b757365725f747970657c733a303a22223b66697273745f6e616d657c733a303a22223b6c6173745f6e616d657c733a303a22223b6d6964646c655f6e616d657c733a303a22223b656d61696c7c733a303a22223b70617373776f72647c733a303a22223b6c6f676765645f696e7c733a353a2246414c5345223b6c6173745f6c6f67696e7c733a31393a22303030302d30302d30302030303a30303a3030223b636172745f636f6e74656e74737c613a343a7b733a31303a22636172745f746f74616c223b643a31323530303b733a31313a22746f74616c5f6974656d73223b643a323b733a33323a226338316537323864396434633266363336663036376638396363313438363263223b613a393a7b733a323a226964223b733a313a2232223b733a343a226e616d65223b733a32323a225461616e742066726f6d20576573742042656e67616c223b733a353a227072696365223b643a353030303b733a353a22696d616765223b733a33313a22505f32303137303830355f3131353935395f764844525f4175746f2e6a7067223b733a353a22636f6c6f72223b733a303a22223b733a343a2273697a65223b733a303a22223b733a333a22717479223b643a313b733a353a22726f776964223b733a33323a226338316537323864396434633266363336663036376638396363313438363263223b733a383a22737562746f74616c223b643a353030303b7d733a33323a226138376666363739613266336537316439313831613637623735343231323263223b613a393a7b733a323a226964223b733a313a2234223b733a343a226e616d65223b733a373a2253617265652033223b733a353a227072696365223b643a373530303b733a353a22696d616765223b733a31343a224453435f363731352d302e6a7067223b733a353a22636f6c6f72223b733a303a22223b733a343a2273697a65223b733a303a22223b733a333a22717479223b643a313b733a353a22726f776964223b733a33323a226138376666363739613266336537316439313831613637623735343231323263223b733a383a22737562746f74616c223b643a373530303b7d7d),
('440679de1f1303080be686a643caf132e2120396', '::1', 1505465347, 0x5f5f63695f6c6173745f726567656e65726174657c693a313530353436353131353b757365725f69647c733a313a2231223b757365725f747970657c733a353a2241444d494e223b66697273745f6e616d657c733a353a2241646d696e223b6c6173745f6e616d657c733a303a22223b6d6964646c655f6e616d657c733a303a22223b656d61696c7c733a31353a2261646d696e40676d61696c2e636f6d223b70617373776f72647c733a333a22313233223b6c6f676765645f696e7c733a343a2254525545223b6c6173745f6c6f67696e7c733a31393a22303030302d30302d30302030303a30303a3030223b636172745f636f6e74656e74737c613a343a7b733a31303a22636172745f746f74616c223b643a31323530303b733a31313a22746f74616c5f6974656d73223b643a323b733a33323a226338316537323864396434633266363336663036376638396363313438363263223b613a393a7b733a323a226964223b733a313a2232223b733a343a226e616d65223b733a32323a225461616e742066726f6d20576573742042656e67616c223b733a353a227072696365223b643a353030303b733a353a22696d616765223b733a33313a22505f32303137303830355f3131353935395f764844525f4175746f2e6a7067223b733a353a22636f6c6f72223b733a303a22223b733a343a2273697a65223b733a303a22223b733a333a22717479223b643a313b733a353a22726f776964223b733a33323a226338316537323864396434633266363336663036376638396363313438363263223b733a383a22737562746f74616c223b643a353030303b7d733a33323a226138376666363739613266336537316439313831613637623735343231323263223b613a393a7b733a323a226964223b733a313a2234223b733a343a226e616d65223b733a373a2253617265652033223b733a353a227072696365223b643a373530303b733a353a22696d616765223b733a31343a224453435f363731352d302e6a7067223b733a353a22636f6c6f72223b733a303a22223b733a343a2273697a65223b733a303a22223b733a333a22717479223b643a313b733a353a22726f776964223b733a33323a226138376666363739613266336537316439313831613637623735343231323263223b733a383a22737562746f74616c223b643a373530303b7d7d),
('44ddde5c19c539a47634c184b4795258dee06a84', '::1', 1505445028, 0x5f5f63695f6c6173745f726567656e65726174657c693a313530353434353032383b),
('5366c07dd851ba5e92e7b3d5abdccbf750f2c689', '::1', 1505447049, 0x5f5f63695f6c6173745f726567656e65726174657c693a313530353434373034393b),
('54d69c5be52577c52720b7a3fafe026f6f972daa', '::1', 1505455072, 0x5f5f63695f6c6173745f726567656e65726174657c693a313530353435343737323b757365725f69647c733a313a2231223b757365725f747970657c733a353a2241444d494e223b66697273745f6e616d657c733a353a2241646d696e223b6c6173745f6e616d657c733a303a22223b6d6964646c655f6e616d657c733a303a22223b656d61696c7c733a31353a2261646d696e40676d61696c2e636f6d223b70617373776f72647c733a333a22313233223b6c6f676765645f696e7c733a343a2254525545223b6c6173745f6c6f67696e7c733a31393a22303030302d30302d30302030303a30303a3030223b636172745f636f6e74656e74737c613a343a7b733a31303a22636172745f746f74616c223b643a31323530303b733a31313a22746f74616c5f6974656d73223b643a323b733a33323a226338316537323864396434633266363336663036376638396363313438363263223b613a393a7b733a323a226964223b733a313a2232223b733a343a226e616d65223b733a32323a225461616e742066726f6d20576573742042656e67616c223b733a353a227072696365223b643a353030303b733a353a22696d616765223b733a33313a22505f32303137303830355f3131353935395f764844525f4175746f2e6a7067223b733a353a22636f6c6f72223b733a303a22223b733a343a2273697a65223b733a303a22223b733a333a22717479223b643a313b733a353a22726f776964223b733a33323a226338316537323864396434633266363336663036376638396363313438363263223b733a383a22737562746f74616c223b643a353030303b7d733a33323a226138376666363739613266336537316439313831613637623735343231323263223b613a393a7b733a323a226964223b733a313a2234223b733a343a226e616d65223b733a373a2253617265652033223b733a353a227072696365223b643a373530303b733a353a22696d616765223b733a31343a224453435f363731352d302e6a7067223b733a353a22636f6c6f72223b733a303a22223b733a343a2273697a65223b733a303a22223b733a333a22717479223b643a313b733a353a22726f776964223b733a33323a226138376666363739613266336537316439313831613637623735343231323263223b733a383a22737562746f74616c223b643a373530303b7d7d),
('608b28a0a9e864ace1e4a5b217c2307a4fde9367', '::1', 1505448226, 0x5f5f63695f6c6173745f726567656e65726174657c693a313530353434373935363b757365725f69647c733a313a2232223b757365725f747970657c733a383a22437573746f6d6572223b66697273745f6e616d657c733a333a2252616a223b6c6173745f6e616d657c733a353a224b756d6172223b6d6964646c655f6e616d657c733a303a22223b656d61696c7c733a31333a2272616a40676d61696c2e636f6d223b70617373776f72647c733a333a22313233223b6c6f676765645f696e7c733a343a2254525545223b6c6173745f6c6f67696e7c733a31393a22303030302d30302d30302030303a30303a3030223b),
('66deb19b94975e3abc6c9ac4f66790e3f59910bf', '::1', 1505457580, 0x5f5f63695f6c6173745f726567656e65726174657c693a313530353435373537393b757365725f69647c733a313a2231223b757365725f747970657c733a353a2241444d494e223b66697273745f6e616d657c733a353a2241646d696e223b6c6173745f6e616d657c733a303a22223b6d6964646c655f6e616d657c733a303a22223b656d61696c7c733a31353a2261646d696e40676d61696c2e636f6d223b70617373776f72647c733a333a22313233223b6c6f676765645f696e7c733a343a2254525545223b6c6173745f6c6f67696e7c733a31393a22303030302d30302d30302030303a30303a3030223b636172745f636f6e74656e74737c613a343a7b733a31303a22636172745f746f74616c223b643a31323530303b733a31313a22746f74616c5f6974656d73223b643a323b733a33323a226338316537323864396434633266363336663036376638396363313438363263223b613a393a7b733a323a226964223b733a313a2232223b733a343a226e616d65223b733a32323a225461616e742066726f6d20576573742042656e67616c223b733a353a227072696365223b643a353030303b733a353a22696d616765223b733a33313a22505f32303137303830355f3131353935395f764844525f4175746f2e6a7067223b733a353a22636f6c6f72223b733a303a22223b733a343a2273697a65223b733a303a22223b733a333a22717479223b643a313b733a353a22726f776964223b733a33323a226338316537323864396434633266363336663036376638396363313438363263223b733a383a22737562746f74616c223b643a353030303b7d733a33323a226138376666363739613266336537316439313831613637623735343231323263223b613a393a7b733a323a226964223b733a313a2234223b733a343a226e616d65223b733a373a2253617265652033223b733a353a227072696365223b643a373530303b733a353a22696d616765223b733a31343a224453435f363731352d302e6a7067223b733a353a22636f6c6f72223b733a303a22223b733a343a2273697a65223b733a303a22223b733a333a22717479223b643a313b733a353a22726f776964223b733a33323a226138376666363739613266336537316439313831613637623735343231323263223b733a383a22737562746f74616c223b643a373530303b7d7d),
('670ce98b97f64100039ec7b6ee597518a31ffbf9', '::1', 1505452342, 0x5f5f63695f6c6173745f726567656e65726174657c693a313530353435323035383b757365725f69647c733a313a2232223b757365725f747970657c733a383a22437573746f6d6572223b66697273745f6e616d657c733a333a2252616a223b6c6173745f6e616d657c733a353a224b756d6172223b6d6964646c655f6e616d657c733a303a22223b656d61696c7c733a31333a2272616a40676d61696c2e636f6d223b70617373776f72647c733a333a22313233223b6c6f676765645f696e7c733a343a2254525545223b6c6173745f6c6f67696e7c733a31393a22303030302d30302d30302030303a30303a3030223b636172745f636f6e74656e74737c613a343a7b733a31303a22636172745f746f74616c223b643a31323530303b733a31313a22746f74616c5f6974656d73223b643a323b733a33323a226338316537323864396434633266363336663036376638396363313438363263223b613a393a7b733a323a226964223b733a313a2232223b733a343a226e616d65223b733a32323a225461616e742066726f6d20576573742042656e67616c223b733a353a227072696365223b643a353030303b733a353a22696d616765223b733a33313a22505f32303137303830355f3131353935395f764844525f4175746f2e6a7067223b733a353a22636f6c6f72223b733a303a22223b733a343a2273697a65223b733a303a22223b733a333a22717479223b643a313b733a353a22726f776964223b733a33323a226338316537323864396434633266363336663036376638396363313438363263223b733a383a22737562746f74616c223b643a353030303b7d733a33323a226138376666363739613266336537316439313831613637623735343231323263223b613a393a7b733a323a226964223b733a313a2234223b733a343a226e616d65223b733a373a2253617265652033223b733a353a227072696365223b643a373530303b733a353a22696d616765223b733a31343a224453435f363731352d302e6a7067223b733a353a22636f6c6f72223b733a303a22223b733a343a2273697a65223b733a303a22223b733a333a22717479223b643a313b733a353a22726f776964223b733a33323a226138376666363739613266336537316439313831613637623735343231323263223b733a383a22737562746f74616c223b643a373530303b7d7d),
('6c3829dd66374c0268be9479cb170efe52c97633', '::1', 1505728502, 0x5f5f63695f6c6173745f726567656e65726174657c693a313530353732383530323b),
('6e2486210bfc1c06c149aceddaae14edfa7b6fc7', '::1', 1505453997, 0x5f5f63695f6c6173745f726567656e65726174657c693a313530353435333735303b757365725f69647c733a313a2231223b757365725f747970657c733a353a2241444d494e223b66697273745f6e616d657c733a353a2241646d696e223b6c6173745f6e616d657c733a303a22223b6d6964646c655f6e616d657c733a303a22223b656d61696c7c733a31353a2261646d696e40676d61696c2e636f6d223b70617373776f72647c733a333a22313233223b6c6f676765645f696e7c733a343a2254525545223b6c6173745f6c6f67696e7c733a31393a22303030302d30302d30302030303a30303a3030223b636172745f636f6e74656e74737c613a343a7b733a31303a22636172745f746f74616c223b643a31323530303b733a31313a22746f74616c5f6974656d73223b643a323b733a33323a226338316537323864396434633266363336663036376638396363313438363263223b613a393a7b733a323a226964223b733a313a2232223b733a343a226e616d65223b733a32323a225461616e742066726f6d20576573742042656e67616c223b733a353a227072696365223b643a353030303b733a353a22696d616765223b733a33313a22505f32303137303830355f3131353935395f764844525f4175746f2e6a7067223b733a353a22636f6c6f72223b733a303a22223b733a343a2273697a65223b733a303a22223b733a333a22717479223b643a313b733a353a22726f776964223b733a33323a226338316537323864396434633266363336663036376638396363313438363263223b733a383a22737562746f74616c223b643a353030303b7d733a33323a226138376666363739613266336537316439313831613637623735343231323263223b613a393a7b733a323a226964223b733a313a2234223b733a343a226e616d65223b733a373a2253617265652033223b733a353a227072696365223b643a373530303b733a353a22696d616765223b733a31343a224453435f363731352d302e6a7067223b733a353a22636f6c6f72223b733a303a22223b733a343a2273697a65223b733a303a22223b733a333a22717479223b643a313b733a353a22726f776964223b733a33323a226138376666363739613266336537316439313831613637623735343231323263223b733a383a22737562746f74616c223b643a373530303b7d7d),
('703ed295c60bba8ab571142e14a72f8189ddcbd4', '::1', 1505451094, 0x5f5f63695f6c6173745f726567656e65726174657c693a313530353435303839393b757365725f69647c733a313a2232223b757365725f747970657c733a383a22437573746f6d6572223b66697273745f6e616d657c733a333a2252616a223b6c6173745f6e616d657c733a353a224b756d6172223b6d6964646c655f6e616d657c733a303a22223b656d61696c7c733a31333a2272616a40676d61696c2e636f6d223b70617373776f72647c733a333a22313233223b6c6f676765645f696e7c733a343a2254525545223b6c6173745f6c6f67696e7c733a31393a22303030302d30302d30302030303a30303a3030223b636172745f636f6e74656e74737c613a343a7b733a31303a22636172745f746f74616c223b643a31323530303b733a31313a22746f74616c5f6974656d73223b643a323b733a33323a226338316537323864396434633266363336663036376638396363313438363263223b613a393a7b733a323a226964223b733a313a2232223b733a343a226e616d65223b733a32323a225461616e742066726f6d20576573742042656e67616c223b733a353a227072696365223b643a353030303b733a353a22696d616765223b733a33313a22505f32303137303830355f3131353935395f764844525f4175746f2e6a7067223b733a353a22636f6c6f72223b733a303a22223b733a343a2273697a65223b733a303a22223b733a333a22717479223b643a313b733a353a22726f776964223b733a33323a226338316537323864396434633266363336663036376638396363313438363263223b733a383a22737562746f74616c223b643a353030303b7d733a33323a226138376666363739613266336537316439313831613637623735343231323263223b613a393a7b733a323a226964223b733a313a2234223b733a343a226e616d65223b733a373a2253617265652033223b733a353a227072696365223b643a373530303b733a353a22696d616765223b733a31343a224453435f363731352d302e6a7067223b733a353a22636f6c6f72223b733a303a22223b733a343a2273697a65223b733a303a22223b733a333a22717479223b643a313b733a353a22726f776964223b733a33323a226138376666363739613266336537316439313831613637623735343231323263223b733a383a22737562746f74616c223b643a373530303b7d7d),
('76c86ccd4fe5735034e80d895c6d795aa6dab7bd', '::1', 1505476705, 0x5f5f63695f6c6173745f726567656e65726174657c693a313530353437363730353b757365725f69647c733a303a22223b656d61696c7c733a303a22223b757365725f747970657c733a303a22223b66697273745f6e616d657c733a303a22223b6c6173745f6e616d657c733a303a22223b6d6964646c655f6e616d657c733a303a22223b70617373776f72647c733a303a22223b6c6f676765645f696e7c733a353a2246414c5345223b),
('774f095d136a2791c010971a9f484f40e0a41350', '::1', 1505445199, 0x5f5f63695f6c6173745f726567656e65726174657c693a313530353434343931363b757365725f69647c733a313a2232223b757365725f747970657c733a383a22437573746f6d6572223b66697273745f6e616d657c733a333a2252616a223b6c6173745f6e616d657c733a353a224b756d6172223b6d6964646c655f6e616d657c733a303a22223b656d61696c7c733a31333a2272616a40676d61696c2e636f6d223b70617373776f72647c733a333a22313233223b6c6f676765645f696e7c733a343a2254525545223b6c6173745f6c6f67696e7c733a31393a22303030302d30302d30302030303a30303a3030223b),
('79ec998fdb09357d9da4db7e3faaff7fa5a2c4e7', '::1', 1505454325, 0x5f5f63695f6c6173745f726567656e65726174657c693a313530353435343232393b757365725f69647c733a313a2231223b757365725f747970657c733a353a2241444d494e223b66697273745f6e616d657c733a353a2241646d696e223b6c6173745f6e616d657c733a303a22223b6d6964646c655f6e616d657c733a303a22223b656d61696c7c733a31353a2261646d696e40676d61696c2e636f6d223b70617373776f72647c733a333a22313233223b6c6f676765645f696e7c733a343a2254525545223b6c6173745f6c6f67696e7c733a31393a22303030302d30302d30302030303a30303a3030223b636172745f636f6e74656e74737c613a343a7b733a31303a22636172745f746f74616c223b643a31323530303b733a31313a22746f74616c5f6974656d73223b643a323b733a33323a226338316537323864396434633266363336663036376638396363313438363263223b613a393a7b733a323a226964223b733a313a2232223b733a343a226e616d65223b733a32323a225461616e742066726f6d20576573742042656e67616c223b733a353a227072696365223b643a353030303b733a353a22696d616765223b733a33313a22505f32303137303830355f3131353935395f764844525f4175746f2e6a7067223b733a353a22636f6c6f72223b733a303a22223b733a343a2273697a65223b733a303a22223b733a333a22717479223b643a313b733a353a22726f776964223b733a33323a226338316537323864396434633266363336663036376638396363313438363263223b733a383a22737562746f74616c223b643a353030303b7d733a33323a226138376666363739613266336537316439313831613637623735343231323263223b613a393a7b733a323a226964223b733a313a2234223b733a343a226e616d65223b733a373a2253617265652033223b733a353a227072696365223b643a373530303b733a353a22696d616765223b733a31343a224453435f363731352d302e6a7067223b733a353a22636f6c6f72223b733a303a22223b733a343a2273697a65223b733a303a22223b733a333a22717479223b643a313b733a353a22726f776964223b733a33323a226138376666363739613266336537316439313831613637623735343231323263223b733a383a22737562746f74616c223b643a373530303b7d7d),
('7b98159291fa85dda80e4bf07595d92e60626f3d', '::1', 1505453300, 0x5f5f63695f6c6173745f726567656e65726174657c693a313530353435333133303b757365725f69647c733a313a2231223b757365725f747970657c733a353a2241444d494e223b66697273745f6e616d657c733a353a2241646d696e223b6c6173745f6e616d657c733a303a22223b6d6964646c655f6e616d657c733a303a22223b656d61696c7c733a31353a2261646d696e40676d61696c2e636f6d223b70617373776f72647c733a333a22313233223b6c6f676765645f696e7c733a343a2254525545223b6c6173745f6c6f67696e7c733a31393a22303030302d30302d30302030303a30303a3030223b636172745f636f6e74656e74737c613a343a7b733a31303a22636172745f746f74616c223b643a31323530303b733a31313a22746f74616c5f6974656d73223b643a323b733a33323a226338316537323864396434633266363336663036376638396363313438363263223b613a393a7b733a323a226964223b733a313a2232223b733a343a226e616d65223b733a32323a225461616e742066726f6d20576573742042656e67616c223b733a353a227072696365223b643a353030303b733a353a22696d616765223b733a33313a22505f32303137303830355f3131353935395f764844525f4175746f2e6a7067223b733a353a22636f6c6f72223b733a303a22223b733a343a2273697a65223b733a303a22223b733a333a22717479223b643a313b733a353a22726f776964223b733a33323a226338316537323864396434633266363336663036376638396363313438363263223b733a383a22737562746f74616c223b643a353030303b7d733a33323a226138376666363739613266336537316439313831613637623735343231323263223b613a393a7b733a323a226964223b733a313a2234223b733a343a226e616d65223b733a373a2253617265652033223b733a353a227072696365223b643a373530303b733a353a22696d616765223b733a31343a224453435f363731352d302e6a7067223b733a353a22636f6c6f72223b733a303a22223b733a343a2273697a65223b733a303a22223b733a333a22717479223b643a313b733a353a22726f776964223b733a33323a226138376666363739613266336537316439313831613637623735343231323263223b733a383a22737562746f74616c223b643a373530303b7d7d),
('85482019abcbb2bc1ecc495f2cc299db3a0dddc1', '::1', 1505450722, 0x5f5f63695f6c6173745f726567656e65726174657c693a313530353435303436363b757365725f69647c733a313a2232223b757365725f747970657c733a383a22437573746f6d6572223b66697273745f6e616d657c733a333a2252616a223b6c6173745f6e616d657c733a353a224b756d6172223b6d6964646c655f6e616d657c733a303a22223b656d61696c7c733a31333a2272616a40676d61696c2e636f6d223b70617373776f72647c733a333a22313233223b6c6f676765645f696e7c733a343a2254525545223b6c6173745f6c6f67696e7c733a31393a22303030302d30302d30302030303a30303a3030223b636172745f636f6e74656e74737c613a343a7b733a31303a22636172745f746f74616c223b643a31323530303b733a31313a22746f74616c5f6974656d73223b643a323b733a33323a226338316537323864396434633266363336663036376638396363313438363263223b613a393a7b733a323a226964223b733a313a2232223b733a343a226e616d65223b733a32323a225461616e742066726f6d20576573742042656e67616c223b733a353a227072696365223b643a353030303b733a353a22696d616765223b733a33313a22505f32303137303830355f3131353935395f764844525f4175746f2e6a7067223b733a353a22636f6c6f72223b733a303a22223b733a343a2273697a65223b733a303a22223b733a333a22717479223b643a313b733a353a22726f776964223b733a33323a226338316537323864396434633266363336663036376638396363313438363263223b733a383a22737562746f74616c223b643a353030303b7d733a33323a226138376666363739613266336537316439313831613637623735343231323263223b613a393a7b733a323a226964223b733a313a2234223b733a343a226e616d65223b733a373a2253617265652033223b733a353a227072696365223b643a373530303b733a353a22696d616765223b733a31343a224453435f363731352d302e6a7067223b733a353a22636f6c6f72223b733a303a22223b733a343a2273697a65223b733a303a22223b733a333a22717479223b643a313b733a353a22726f776964223b733a33323a226138376666363739613266336537316439313831613637623735343231323263223b733a383a22737562746f74616c223b643a373530303b7d7d),
('8a5e763942f39a0e3bb27f0d1b9fd6dbcf99f165', '::1', 1505735972, 0x5f5f63695f6c6173745f726567656e65726174657c693a313530353733353937323b757365725f69647c733a313a2232223b757365725f747970657c733a383a22437573746f6d6572223b66697273745f6e616d657c733a333a2252616a223b6c6173745f6e616d657c733a353a224b756d6172223b6d6964646c655f6e616d657c733a303a22223b656d61696c7c733a31333a2272616a40676d61696c2e636f6d223b6c6173745f6c6f67696e7c733a31393a22303030302d30302d30302030303a30303a3030223b6c6f676765645f696e7c733a343a2254525545223b636865636b6f75745f69647c693a343b535543434553534d53477c733a33323a22596f7572204f72646572205375636365737366756c6c7920506c616365642121223b5f5f63695f766172737c613a313a7b733a31303a22535543434553534d5347223b733a333a226f6c64223b7d),
('8e2133db2db955308df9037e08e01956407bbbbc', '::1', 1505452828, 0x5f5f63695f6c6173745f726567656e65726174657c693a313530353435323736303b757365725f69647c733a313a2232223b757365725f747970657c733a383a22437573746f6d6572223b66697273745f6e616d657c733a333a2252616a223b6c6173745f6e616d657c733a353a224b756d6172223b6d6964646c655f6e616d657c733a303a22223b656d61696c7c733a31333a2272616a40676d61696c2e636f6d223b70617373776f72647c733a333a22313233223b6c6f676765645f696e7c733a343a2254525545223b6c6173745f6c6f67696e7c733a31393a22303030302d30302d30302030303a30303a3030223b636172745f636f6e74656e74737c613a343a7b733a31303a22636172745f746f74616c223b643a31323530303b733a31313a22746f74616c5f6974656d73223b643a323b733a33323a226338316537323864396434633266363336663036376638396363313438363263223b613a393a7b733a323a226964223b733a313a2232223b733a343a226e616d65223b733a32323a225461616e742066726f6d20576573742042656e67616c223b733a353a227072696365223b643a353030303b733a353a22696d616765223b733a33313a22505f32303137303830355f3131353935395f764844525f4175746f2e6a7067223b733a353a22636f6c6f72223b733a303a22223b733a343a2273697a65223b733a303a22223b733a333a22717479223b643a313b733a353a22726f776964223b733a33323a226338316537323864396434633266363336663036376638396363313438363263223b733a383a22737562746f74616c223b643a353030303b7d733a33323a226138376666363739613266336537316439313831613637623735343231323263223b613a393a7b733a323a226964223b733a313a2234223b733a343a226e616d65223b733a373a2253617265652033223b733a353a227072696365223b643a373530303b733a353a22696d616765223b733a31343a224453435f363731352d302e6a7067223b733a353a22636f6c6f72223b733a303a22223b733a343a2273697a65223b733a303a22223b733a333a22717479223b643a313b733a353a22726f776964223b733a33323a226138376666363739613266336537316439313831613637623735343231323263223b733a383a22737562746f74616c223b643a373530303b7d7d),
('8ea434fc7138b6925a0f3539998b820420eb270f', '::1', 1505460819, 0x5f5f63695f6c6173745f726567656e65726174657c693a313530353436303635363b757365725f69647c733a313a2231223b757365725f747970657c733a353a2241444d494e223b66697273745f6e616d657c733a353a2241646d696e223b6c6173745f6e616d657c733a303a22223b6d6964646c655f6e616d657c733a303a22223b656d61696c7c733a31353a2261646d696e40676d61696c2e636f6d223b70617373776f72647c733a333a22313233223b6c6f676765645f696e7c733a343a2254525545223b6c6173745f6c6f67696e7c733a31393a22303030302d30302d30302030303a30303a3030223b636172745f636f6e74656e74737c613a343a7b733a31303a22636172745f746f74616c223b643a31323530303b733a31313a22746f74616c5f6974656d73223b643a323b733a33323a226338316537323864396434633266363336663036376638396363313438363263223b613a393a7b733a323a226964223b733a313a2232223b733a343a226e616d65223b733a32323a225461616e742066726f6d20576573742042656e67616c223b733a353a227072696365223b643a353030303b733a353a22696d616765223b733a33313a22505f32303137303830355f3131353935395f764844525f4175746f2e6a7067223b733a353a22636f6c6f72223b733a303a22223b733a343a2273697a65223b733a303a22223b733a333a22717479223b643a313b733a353a22726f776964223b733a33323a226338316537323864396434633266363336663036376638396363313438363263223b733a383a22737562746f74616c223b643a353030303b7d733a33323a226138376666363739613266336537316439313831613637623735343231323263223b613a393a7b733a323a226964223b733a313a2234223b733a343a226e616d65223b733a373a2253617265652033223b733a353a227072696365223b643a373530303b733a353a22696d616765223b733a31343a224453435f363731352d302e6a7067223b733a353a22636f6c6f72223b733a303a22223b733a343a2273697a65223b733a303a22223b733a333a22717479223b643a313b733a353a22726f776964223b733a33323a226138376666363739613266336537316439313831613637623735343231323263223b733a383a22737562746f74616c223b643a373530303b7d7d),
('92bed363ed1a06683b783f9e18da734635ea21e7', '::1', 1505452569, 0x5f5f63695f6c6173745f726567656e65726174657c693a313530353435323335393b757365725f69647c733a313a2232223b757365725f747970657c733a383a22437573746f6d6572223b66697273745f6e616d657c733a333a2252616a223b6c6173745f6e616d657c733a353a224b756d6172223b6d6964646c655f6e616d657c733a303a22223b656d61696c7c733a31333a2272616a40676d61696c2e636f6d223b70617373776f72647c733a333a22313233223b6c6f676765645f696e7c733a343a2254525545223b6c6173745f6c6f67696e7c733a31393a22303030302d30302d30302030303a30303a3030223b636172745f636f6e74656e74737c613a343a7b733a31303a22636172745f746f74616c223b643a31323530303b733a31313a22746f74616c5f6974656d73223b643a323b733a33323a226338316537323864396434633266363336663036376638396363313438363263223b613a393a7b733a323a226964223b733a313a2232223b733a343a226e616d65223b733a32323a225461616e742066726f6d20576573742042656e67616c223b733a353a227072696365223b643a353030303b733a353a22696d616765223b733a33313a22505f32303137303830355f3131353935395f764844525f4175746f2e6a7067223b733a353a22636f6c6f72223b733a303a22223b733a343a2273697a65223b733a303a22223b733a333a22717479223b643a313b733a353a22726f776964223b733a33323a226338316537323864396434633266363336663036376638396363313438363263223b733a383a22737562746f74616c223b643a353030303b7d733a33323a226138376666363739613266336537316439313831613637623735343231323263223b613a393a7b733a323a226964223b733a313a2234223b733a343a226e616d65223b733a373a2253617265652033223b733a353a227072696365223b643a373530303b733a353a22696d616765223b733a31343a224453435f363731352d302e6a7067223b733a353a22636f6c6f72223b733a303a22223b733a343a2273697a65223b733a303a22223b733a333a22717479223b643a313b733a353a22726f776964223b733a33323a226138376666363739613266336537316439313831613637623735343231323263223b733a383a22737562746f74616c223b643a373530303b7d7d);
INSERT INTO `session_table` (`id`, `ip_address`, `timestamp`, `data`) VALUES
('9635628f551609ee71175da0ac4024d3ac1239c2', '::1', 1505458392, 0x5f5f63695f6c6173745f726567656e65726174657c693a313530353435383333363b757365725f69647c733a313a2231223b757365725f747970657c733a353a2241444d494e223b66697273745f6e616d657c733a353a2241646d696e223b6c6173745f6e616d657c733a303a22223b6d6964646c655f6e616d657c733a303a22223b656d61696c7c733a31353a2261646d696e40676d61696c2e636f6d223b70617373776f72647c733a333a22313233223b6c6f676765645f696e7c733a343a2254525545223b6c6173745f6c6f67696e7c733a31393a22303030302d30302d30302030303a30303a3030223b636172745f636f6e74656e74737c613a343a7b733a31303a22636172745f746f74616c223b643a31323530303b733a31313a22746f74616c5f6974656d73223b643a323b733a33323a226338316537323864396434633266363336663036376638396363313438363263223b613a393a7b733a323a226964223b733a313a2232223b733a343a226e616d65223b733a32323a225461616e742066726f6d20576573742042656e67616c223b733a353a227072696365223b643a353030303b733a353a22696d616765223b733a33313a22505f32303137303830355f3131353935395f764844525f4175746f2e6a7067223b733a353a22636f6c6f72223b733a303a22223b733a343a2273697a65223b733a303a22223b733a333a22717479223b643a313b733a353a22726f776964223b733a33323a226338316537323864396434633266363336663036376638396363313438363263223b733a383a22737562746f74616c223b643a353030303b7d733a33323a226138376666363739613266336537316439313831613637623735343231323263223b613a393a7b733a323a226964223b733a313a2234223b733a343a226e616d65223b733a373a2253617265652033223b733a353a227072696365223b643a373530303b733a353a22696d616765223b733a31343a224453435f363731352d302e6a7067223b733a353a22636f6c6f72223b733a303a22223b733a343a2273697a65223b733a303a22223b733a333a22717479223b643a313b733a353a22726f776964223b733a33323a226138376666363739613266336537316439313831613637623735343231323263223b733a383a22737562746f74616c223b643a373530303b7d7d),
('a21efde166b36c792223f38e6c9916490ad1bcde', '::1', 1505735628, 0x5f5f63695f6c6173745f726567656e65726174657c693a313530353733353539343b757365725f69647c733a313a2232223b757365725f747970657c733a383a22437573746f6d6572223b66697273745f6e616d657c733a333a2252616a223b6c6173745f6e616d657c733a353a224b756d6172223b6d6964646c655f6e616d657c733a303a22223b656d61696c7c733a31333a2272616a40676d61696c2e636f6d223b6c6173745f6c6f67696e7c733a31393a22303030302d30302d30302030303a30303a3030223b6c6f676765645f696e7c733a343a2254525545223b636865636b6f75745f69647c693a343b636172745f636f6e74656e74737c613a343a7b733a31303a22636172745f746f74616c223b643a31343030303b733a31313a22746f74616c5f6974656d73223b643a323b733a33323a226138376666363739613266336537316439313831613637623735343231323263223b613a393a7b733a323a226964223b733a313a2234223b733a343a226e616d65223b733a373a2253617265652033223b733a353a227072696365223b643a373530303b733a353a22696d616765223b733a31343a224453435f363731352d302e6a7067223b733a353a22636f6c6f72223b733a313a2231223b733a343a2273697a65223b733a313a2231223b733a333a22717479223b643a313b733a353a22726f776964223b733a33323a226138376666363739613266336537316439313831613637623735343231323263223b733a383a22737562746f74616c223b643a373530303b7d733a33323a226534646133623766626263653233343564373737326230363734613331386435223b613a393a7b733a323a226964223b733a313a2235223b733a343a226e616d65223b733a393a224a6577656c6c657279223b733a353a227072696365223b643a363530303b733a353a22696d616765223b733a31353a224453435f363638372d30312e6a7067223b733a353a22636f6c6f72223b733a303a22223b733a343a2273697a65223b733a303a22223b733a333a22717479223b643a313b733a353a22726f776964223b733a33323a226534646133623766626263653233343564373737326230363734613331386435223b733a383a22737562746f74616c223b643a363530303b7d7d),
('a5db2c0fb031a4a294cadafc309ba9a1d679a98e', '::1', 1505453695, 0x5f5f63695f6c6173745f726567656e65726174657c693a313530353435333433323b757365725f69647c733a313a2231223b757365725f747970657c733a353a2241444d494e223b66697273745f6e616d657c733a353a2241646d696e223b6c6173745f6e616d657c733a303a22223b6d6964646c655f6e616d657c733a303a22223b656d61696c7c733a31353a2261646d696e40676d61696c2e636f6d223b70617373776f72647c733a333a22313233223b6c6f676765645f696e7c733a343a2254525545223b6c6173745f6c6f67696e7c733a31393a22303030302d30302d30302030303a30303a3030223b636172745f636f6e74656e74737c613a343a7b733a31303a22636172745f746f74616c223b643a31323530303b733a31313a22746f74616c5f6974656d73223b643a323b733a33323a226338316537323864396434633266363336663036376638396363313438363263223b613a393a7b733a323a226964223b733a313a2232223b733a343a226e616d65223b733a32323a225461616e742066726f6d20576573742042656e67616c223b733a353a227072696365223b643a353030303b733a353a22696d616765223b733a33313a22505f32303137303830355f3131353935395f764844525f4175746f2e6a7067223b733a353a22636f6c6f72223b733a303a22223b733a343a2273697a65223b733a303a22223b733a333a22717479223b643a313b733a353a22726f776964223b733a33323a226338316537323864396434633266363336663036376638396363313438363263223b733a383a22737562746f74616c223b643a353030303b7d733a33323a226138376666363739613266336537316439313831613637623735343231323263223b613a393a7b733a323a226964223b733a313a2234223b733a343a226e616d65223b733a373a2253617265652033223b733a353a227072696365223b643a373530303b733a353a22696d616765223b733a31343a224453435f363731352d302e6a7067223b733a353a22636f6c6f72223b733a303a22223b733a343a2273697a65223b733a303a22223b733a333a22717479223b643a313b733a353a22726f776964223b733a33323a226138376666363739613266336537316439313831613637623735343231323263223b733a383a22737562746f74616c223b643a373530303b7d7d),
('a6154755ea2b51076900cd69dfc33a0cf2f73eb6', '::1', 1505466086, 0x5f5f63695f6c6173745f726567656e65726174657c693a313530353436363035303b757365725f69647c733a313a2231223b757365725f747970657c733a353a2241444d494e223b66697273745f6e616d657c733a353a2241646d696e223b6c6173745f6e616d657c733a303a22223b6d6964646c655f6e616d657c733a303a22223b656d61696c7c733a31353a2261646d696e40676d61696c2e636f6d223b70617373776f72647c733a333a22313233223b6c6f676765645f696e7c733a343a2254525545223b6c6173745f6c6f67696e7c733a31393a22303030302d30302d30302030303a30303a3030223b636172745f636f6e74656e74737c613a343a7b733a31303a22636172745f746f74616c223b643a31323530303b733a31313a22746f74616c5f6974656d73223b643a323b733a33323a226338316537323864396434633266363336663036376638396363313438363263223b613a393a7b733a323a226964223b733a313a2232223b733a343a226e616d65223b733a32323a225461616e742066726f6d20576573742042656e67616c223b733a353a227072696365223b643a353030303b733a353a22696d616765223b733a33313a22505f32303137303830355f3131353935395f764844525f4175746f2e6a7067223b733a353a22636f6c6f72223b733a303a22223b733a343a2273697a65223b733a303a22223b733a333a22717479223b643a313b733a353a22726f776964223b733a33323a226338316537323864396434633266363336663036376638396363313438363263223b733a383a22737562746f74616c223b643a353030303b7d733a33323a226138376666363739613266336537316439313831613637623735343231323263223b613a393a7b733a323a226964223b733a313a2234223b733a343a226e616d65223b733a373a2253617265652033223b733a353a227072696365223b643a373530303b733a353a22696d616765223b733a31343a224453435f363731352d302e6a7067223b733a353a22636f6c6f72223b733a303a22223b733a343a2273697a65223b733a303a22223b733a333a22717479223b643a313b733a353a22726f776964223b733a33323a226138376666363739613266336537316439313831613637623735343231323263223b733a383a22737562746f74616c223b643a373530303b7d7d),
('ab67a922e336f1971d6e6fea5f4d245190d583d3', '::1', 1505455363, 0x5f5f63695f6c6173745f726567656e65726174657c693a313530353435353038323b757365725f69647c733a313a2231223b757365725f747970657c733a353a2241444d494e223b66697273745f6e616d657c733a353a2241646d696e223b6c6173745f6e616d657c733a303a22223b6d6964646c655f6e616d657c733a303a22223b656d61696c7c733a31353a2261646d696e40676d61696c2e636f6d223b70617373776f72647c733a333a22313233223b6c6f676765645f696e7c733a343a2254525545223b6c6173745f6c6f67696e7c733a31393a22303030302d30302d30302030303a30303a3030223b636172745f636f6e74656e74737c613a343a7b733a31303a22636172745f746f74616c223b643a31323530303b733a31313a22746f74616c5f6974656d73223b643a323b733a33323a226338316537323864396434633266363336663036376638396363313438363263223b613a393a7b733a323a226964223b733a313a2232223b733a343a226e616d65223b733a32323a225461616e742066726f6d20576573742042656e67616c223b733a353a227072696365223b643a353030303b733a353a22696d616765223b733a33313a22505f32303137303830355f3131353935395f764844525f4175746f2e6a7067223b733a353a22636f6c6f72223b733a303a22223b733a343a2273697a65223b733a303a22223b733a333a22717479223b643a313b733a353a22726f776964223b733a33323a226338316537323864396434633266363336663036376638396363313438363263223b733a383a22737562746f74616c223b643a353030303b7d733a33323a226138376666363739613266336537316439313831613637623735343231323263223b613a393a7b733a323a226964223b733a313a2234223b733a343a226e616d65223b733a373a2253617265652033223b733a353a227072696365223b643a373530303b733a353a22696d616765223b733a31343a224453435f363731352d302e6a7067223b733a353a22636f6c6f72223b733a303a22223b733a343a2273697a65223b733a303a22223b733a333a22717479223b643a313b733a353a22726f776964223b733a33323a226138376666363739613266336537316439313831613637623735343231323263223b733a383a22737562746f74616c223b643a373530303b7d7d),
('b9f34214f94a055462a15c9a90075228ac0d47fe', '::1', 1505466839, 0x5f5f63695f6c6173745f726567656e65726174657c693a313530353436363833363b757365725f69647c733a303a22223b757365725f747970657c733a303a22223b66697273745f6e616d657c733a303a22223b6c6173745f6e616d657c733a303a22223b6d6964646c655f6e616d657c733a303a22223b656d61696c7c733a303a22223b70617373776f72647c733a303a22223b6c6f676765645f696e7c733a353a2246414c5345223b6c6173745f6c6f67696e7c733a31393a22303030302d30302d30302030303a30303a3030223b636172745f636f6e74656e74737c613a343a7b733a31303a22636172745f746f74616c223b643a31323530303b733a31313a22746f74616c5f6974656d73223b643a323b733a33323a226338316537323864396434633266363336663036376638396363313438363263223b613a393a7b733a323a226964223b733a313a2232223b733a343a226e616d65223b733a32323a225461616e742066726f6d20576573742042656e67616c223b733a353a227072696365223b643a353030303b733a353a22696d616765223b733a33313a22505f32303137303830355f3131353935395f764844525f4175746f2e6a7067223b733a353a22636f6c6f72223b733a303a22223b733a343a2273697a65223b733a303a22223b733a333a22717479223b643a313b733a353a22726f776964223b733a33323a226338316537323864396434633266363336663036376638396363313438363263223b733a383a22737562746f74616c223b643a353030303b7d733a33323a226138376666363739613266336537316439313831613637623735343231323263223b613a393a7b733a323a226964223b733a313a2234223b733a343a226e616d65223b733a373a2253617265652033223b733a353a227072696365223b643a373530303b733a353a22696d616765223b733a31343a224453435f363731352d302e6a7067223b733a353a22636f6c6f72223b733a303a22223b733a343a2273697a65223b733a303a22223b733a333a22717479223b643a313b733a353a22726f776964223b733a33323a226138376666363739613266336537316439313831613637623735343231323263223b733a383a22737562746f74616c223b643a373530303b7d7d),
('bc6b6da4e8f91f7697ad3329952ebc6440734033', '::1', 1505729057, 0x5f5f63695f6c6173745f726567656e65726174657c693a313530353732383932353b636172745f636f6e74656e74737c613a333a7b733a31303a22636172745f746f74616c223b643a373530303b733a31313a22746f74616c5f6974656d73223b643a313b733a33323a226138376666363739613266336537316439313831613637623735343231323263223b613a393a7b733a323a226964223b733a313a2234223b733a343a226e616d65223b733a373a2253617265652033223b733a353a227072696365223b643a373530303b733a353a22696d616765223b733a31343a224453435f363731352d302e6a7067223b733a353a22636f6c6f72223b733a303a22223b733a343a2273697a65223b733a303a22223b733a333a22717479223b643a313b733a353a22726f776964223b733a33323a226138376666363739613266336537316439313831613637623735343231323263223b733a383a22737562746f74616c223b643a373530303b7d7d757365725f69647c733a313a2232223b757365725f747970657c733a383a22437573746f6d6572223b66697273745f6e616d657c733a333a2252616a223b6c6173745f6e616d657c733a353a224b756d6172223b6d6964646c655f6e616d657c733a303a22223b656d61696c7c733a31333a2272616a40676d61696c2e636f6d223b6c6173745f6c6f67696e7c733a31393a22303030302d30302d30302030303a30303a3030223b6c6f676765645f696e7c733a343a2254525545223b),
('c0a46ea9f188a83092d83fd6f16faf5bf82e5fda', '::1', 1505451381, 0x5f5f63695f6c6173745f726567656e65726174657c693a313530353435313230333b757365725f69647c733a313a2232223b757365725f747970657c733a383a22437573746f6d6572223b66697273745f6e616d657c733a333a2252616a223b6c6173745f6e616d657c733a353a224b756d6172223b6d6964646c655f6e616d657c733a303a22223b656d61696c7c733a31333a2272616a40676d61696c2e636f6d223b70617373776f72647c733a333a22313233223b6c6f676765645f696e7c733a343a2254525545223b6c6173745f6c6f67696e7c733a31393a22303030302d30302d30302030303a30303a3030223b636172745f636f6e74656e74737c613a343a7b733a31303a22636172745f746f74616c223b643a31323530303b733a31313a22746f74616c5f6974656d73223b643a323b733a33323a226338316537323864396434633266363336663036376638396363313438363263223b613a393a7b733a323a226964223b733a313a2232223b733a343a226e616d65223b733a32323a225461616e742066726f6d20576573742042656e67616c223b733a353a227072696365223b643a353030303b733a353a22696d616765223b733a33313a22505f32303137303830355f3131353935395f764844525f4175746f2e6a7067223b733a353a22636f6c6f72223b733a303a22223b733a343a2273697a65223b733a303a22223b733a333a22717479223b643a313b733a353a22726f776964223b733a33323a226338316537323864396434633266363336663036376638396363313438363263223b733a383a22737562746f74616c223b643a353030303b7d733a33323a226138376666363739613266336537316439313831613637623735343231323263223b613a393a7b733a323a226964223b733a313a2234223b733a343a226e616d65223b733a373a2253617265652033223b733a353a227072696365223b643a373530303b733a353a22696d616765223b733a31343a224453435f363731352d302e6a7067223b733a353a22636f6c6f72223b733a303a22223b733a343a2273697a65223b733a303a22223b733a333a22717479223b643a313b733a353a22726f776964223b733a33323a226138376666363739613266336537316439313831613637623735343231323263223b733a383a22737562746f74616c223b643a373530303b7d7d),
('c2d373c974f927a5761fc10be4fb1da4244eb107', '::1', 1505449679, 0x5f5f63695f6c6173745f726567656e65726174657c693a313530353434393539393b757365725f69647c733a313a2232223b757365725f747970657c733a383a22437573746f6d6572223b66697273745f6e616d657c733a333a2252616a223b6c6173745f6e616d657c733a353a224b756d6172223b6d6964646c655f6e616d657c733a303a22223b656d61696c7c733a31333a2272616a40676d61696c2e636f6d223b70617373776f72647c733a333a22313233223b6c6f676765645f696e7c733a343a2254525545223b6c6173745f6c6f67696e7c733a31393a22303030302d30302d30302030303a30303a3030223b636172745f636f6e74656e74737c613a343a7b733a31303a22636172745f746f74616c223b643a31323530303b733a31313a22746f74616c5f6974656d73223b643a323b733a33323a226338316537323864396434633266363336663036376638396363313438363263223b613a393a7b733a323a226964223b733a313a2232223b733a343a226e616d65223b733a32323a225461616e742066726f6d20576573742042656e67616c223b733a353a227072696365223b643a353030303b733a353a22696d616765223b733a33313a22505f32303137303830355f3131353935395f764844525f4175746f2e6a7067223b733a353a22636f6c6f72223b733a303a22223b733a343a2273697a65223b733a303a22223b733a333a22717479223b643a313b733a353a22726f776964223b733a33323a226338316537323864396434633266363336663036376638396363313438363263223b733a383a22737562746f74616c223b643a353030303b7d733a33323a226138376666363739613266336537316439313831613637623735343231323263223b613a393a7b733a323a226964223b733a313a2234223b733a343a226e616d65223b733a373a2253617265652033223b733a353a227072696365223b643a373530303b733a353a22696d616765223b733a31343a224453435f363731352d302e6a7067223b733a353a22636f6c6f72223b733a303a22223b733a343a2273697a65223b733a303a22223b733a333a22717479223b643a313b733a353a22726f776964223b733a33323a226138376666363739613266336537316439313831613637623735343231323263223b733a383a22737562746f74616c223b643a373530303b7d7d),
('c4cece6f97c631b7e5de690085610a72e7b3b358', '::1', 1505456924, 0x5f5f63695f6c6173745f726567656e65726174657c693a313530353435363931353b757365725f69647c733a313a2231223b757365725f747970657c733a353a2241444d494e223b66697273745f6e616d657c733a353a2241646d696e223b6c6173745f6e616d657c733a303a22223b6d6964646c655f6e616d657c733a303a22223b656d61696c7c733a31353a2261646d696e40676d61696c2e636f6d223b70617373776f72647c733a333a22313233223b6c6f676765645f696e7c733a343a2254525545223b6c6173745f6c6f67696e7c733a31393a22303030302d30302d30302030303a30303a3030223b636172745f636f6e74656e74737c613a343a7b733a31303a22636172745f746f74616c223b643a31323530303b733a31313a22746f74616c5f6974656d73223b643a323b733a33323a226338316537323864396434633266363336663036376638396363313438363263223b613a393a7b733a323a226964223b733a313a2232223b733a343a226e616d65223b733a32323a225461616e742066726f6d20576573742042656e67616c223b733a353a227072696365223b643a353030303b733a353a22696d616765223b733a33313a22505f32303137303830355f3131353935395f764844525f4175746f2e6a7067223b733a353a22636f6c6f72223b733a303a22223b733a343a2273697a65223b733a303a22223b733a333a22717479223b643a313b733a353a22726f776964223b733a33323a226338316537323864396434633266363336663036376638396363313438363263223b733a383a22737562746f74616c223b643a353030303b7d733a33323a226138376666363739613266336537316439313831613637623735343231323263223b613a393a7b733a323a226964223b733a313a2234223b733a343a226e616d65223b733a373a2253617265652033223b733a353a227072696365223b643a373530303b733a353a22696d616765223b733a31343a224453435f363731352d302e6a7067223b733a353a22636f6c6f72223b733a303a22223b733a343a2273697a65223b733a303a22223b733a333a22717479223b643a313b733a353a22726f776964223b733a33323a226138376666363739613266336537316439313831613637623735343231323263223b733a383a22737562746f74616c223b643a373530303b7d7d),
('c7a5c0c98f6481643ceb4506ff654c27c7d632ad', '::1', 1505448474, 0x5f5f63695f6c6173745f726567656e65726174657c693a313530353434383236363b757365725f69647c733a313a2232223b757365725f747970657c733a383a22437573746f6d6572223b66697273745f6e616d657c733a333a2252616a223b6c6173745f6e616d657c733a353a224b756d6172223b6d6964646c655f6e616d657c733a303a22223b656d61696c7c733a31333a2272616a40676d61696c2e636f6d223b70617373776f72647c733a333a22313233223b6c6f676765645f696e7c733a343a2254525545223b6c6173745f6c6f67696e7c733a31393a22303030302d30302d30302030303a30303a3030223b),
('cd3e15254e1ca9ec6fdb093f2707da8ea506921e', '::1', 1505736739, 0x5f5f63695f6c6173745f726567656e65726174657c693a313530353733363435373b757365725f69647c733a313a2232223b757365725f747970657c733a383a22437573746f6d6572223b66697273745f6e616d657c733a333a2252616a223b6c6173745f6e616d657c733a353a224b756d6172223b6d6964646c655f6e616d657c733a303a22223b656d61696c7c733a31333a2272616a40676d61696c2e636f6d223b6c6173745f6c6f67696e7c733a31393a22303030302d30302d30302030303a30303a3030223b6c6f676765645f696e7c733a343a2254525545223b636865636b6f75745f69647c693a343b636172745f636f6e74656e74737c613a343a7b733a31303a22636172745f746f74616c223b643a31343030303b733a31313a22746f74616c5f6974656d73223b643a323b733a33323a226563636263383765346235636532666532383330386664396632613762616633223b613a393a7b733a323a226964223b733a313a2233223b733a343a226e616d65223b733a31323a224b616e636869205361726565223b733a353a227072696365223b643a373530303b733a353a22696d616765223b733a31353a22494d475f303232372d30312e706e67223b733a353a22636f6c6f72223b733a303a22223b733a343a2273697a65223b733a303a22223b733a333a22717479223b643a313b733a353a22726f776964223b733a33323a226563636263383765346235636532666532383330386664396632613762616633223b733a383a22737562746f74616c223b643a373530303b7d733a33323a226534646133623766626263653233343564373737326230363734613331386435223b613a393a7b733a323a226964223b733a313a2235223b733a343a226e616d65223b733a393a224a6577656c6c657279223b733a353a227072696365223b643a363530303b733a353a22696d616765223b733a31353a224453435f363638372d30312e6a7067223b733a353a22636f6c6f72223b733a303a22223b733a343a2273697a65223b733a303a22223b733a333a22717479223b643a313b733a353a22726f776964223b733a33323a226534646133623766626263653233343564373737326230363734613331386435223b733a383a22737562746f74616c223b643a363530303b7d7d),
('d033525f3335ab2a13ab3a2fd9b8400974cb8f3a', '::1', 1505456109, 0x5f5f63695f6c6173745f726567656e65726174657c693a313530353435353837313b757365725f69647c733a313a2231223b757365725f747970657c733a353a2241444d494e223b66697273745f6e616d657c733a353a2241646d696e223b6c6173745f6e616d657c733a303a22223b6d6964646c655f6e616d657c733a303a22223b656d61696c7c733a31353a2261646d696e40676d61696c2e636f6d223b70617373776f72647c733a333a22313233223b6c6f676765645f696e7c733a343a2254525545223b6c6173745f6c6f67696e7c733a31393a22303030302d30302d30302030303a30303a3030223b636172745f636f6e74656e74737c613a343a7b733a31303a22636172745f746f74616c223b643a31323530303b733a31313a22746f74616c5f6974656d73223b643a323b733a33323a226338316537323864396434633266363336663036376638396363313438363263223b613a393a7b733a323a226964223b733a313a2232223b733a343a226e616d65223b733a32323a225461616e742066726f6d20576573742042656e67616c223b733a353a227072696365223b643a353030303b733a353a22696d616765223b733a33313a22505f32303137303830355f3131353935395f764844525f4175746f2e6a7067223b733a353a22636f6c6f72223b733a303a22223b733a343a2273697a65223b733a303a22223b733a333a22717479223b643a313b733a353a22726f776964223b733a33323a226338316537323864396434633266363336663036376638396363313438363263223b733a383a22737562746f74616c223b643a353030303b7d733a33323a226138376666363739613266336537316439313831613637623735343231323263223b613a393a7b733a323a226964223b733a313a2234223b733a343a226e616d65223b733a373a2253617265652033223b733a353a227072696365223b643a373530303b733a353a22696d616765223b733a31343a224453435f363731352d302e6a7067223b733a353a22636f6c6f72223b733a303a22223b733a343a2273697a65223b733a303a22223b733a333a22717479223b643a313b733a353a22726f776964223b733a33323a226138376666363739613266336537316439313831613637623735343231323263223b733a383a22737562746f74616c223b643a373530303b7d7d),
('d2a23b0e4bb914029d75103b0eecf580b475d254', '::1', 1505735570, 0x5f5f63695f6c6173745f726567656e65726174657c693a313530353733353238323b757365725f69647c733a313a2232223b757365725f747970657c733a383a22437573746f6d6572223b66697273745f6e616d657c733a333a2252616a223b6c6173745f6e616d657c733a353a224b756d6172223b6d6964646c655f6e616d657c733a303a22223b656d61696c7c733a31333a2272616a40676d61696c2e636f6d223b6c6173745f6c6f67696e7c733a31393a22303030302d30302d30302030303a30303a3030223b6c6f676765645f696e7c733a343a2254525545223b636865636b6f75745f69647c693a343b636172745f636f6e74656e74737c613a343a7b733a31303a22636172745f746f74616c223b643a31353030303b733a31313a22746f74616c5f6974656d73223b643a323b733a33323a226563636263383765346235636532666532383330386664396632613762616633223b613a393a7b733a323a226964223b733a313a2233223b733a343a226e616d65223b733a31323a224b616e636869205361726565223b733a353a227072696365223b643a373530303b733a353a22696d616765223b733a31353a22494d475f303232372d30312e706e67223b733a353a22636f6c6f72223b733a303a22223b733a343a2273697a65223b733a303a22223b733a333a22717479223b643a313b733a353a22726f776964223b733a33323a226563636263383765346235636532666532383330386664396632613762616633223b733a383a22737562746f74616c223b643a373530303b7d733a33323a226138376666363739613266336537316439313831613637623735343231323263223b613a393a7b733a323a226964223b733a313a2234223b733a343a226e616d65223b733a373a2253617265652033223b733a353a227072696365223b643a373530303b733a353a22696d616765223b733a31343a224453435f363731352d302e6a7067223b733a353a22636f6c6f72223b733a313a2231223b733a343a2273697a65223b733a313a2231223b733a333a22717479223b643a313b733a353a22726f776964223b733a33323a226138376666363739613266336537316439313831613637623735343231323263223b733a383a22737562746f74616c223b643a373530303b7d7d),
('d9366199b6bf2605b2c6b4f55618d52e49b5e409', '::1', 1505731051, 0x5f5f63695f6c6173745f726567656e65726174657c693a313530353733313035313b636172745f636f6e74656e74737c613a333a7b733a31303a22636172745f746f74616c223b643a373530303b733a31313a22746f74616c5f6974656d73223b643a313b733a33323a226138376666363739613266336537316439313831613637623735343231323263223b613a393a7b733a323a226964223b733a313a2234223b733a343a226e616d65223b733a373a2253617265652033223b733a353a227072696365223b643a373530303b733a353a22696d616765223b733a31343a224453435f363731352d302e6a7067223b733a353a22636f6c6f72223b733a303a22223b733a343a2273697a65223b733a303a22223b733a333a22717479223b643a313b733a353a22726f776964223b733a33323a226138376666363739613266336537316439313831613637623735343231323263223b733a383a22737562746f74616c223b643a373530303b7d7d757365725f69647c733a313a2232223b757365725f747970657c733a383a22437573746f6d6572223b66697273745f6e616d657c733a333a2252616a223b6c6173745f6e616d657c733a353a224b756d6172223b6d6964646c655f6e616d657c733a303a22223b656d61696c7c733a31333a2272616a40676d61696c2e636f6d223b6c6173745f6c6f67696e7c733a31393a22303030302d30302d30302030303a30303a3030223b6c6f676765645f696e7c733a343a2254525545223b),
('dfd817d1f0022ee67bc58d5ac09e0db44ee9d4a2', '::1', 1505448948, 0x5f5f63695f6c6173745f726567656e65726174657c693a313530353434383635313b757365725f69647c733a313a2232223b757365725f747970657c733a383a22437573746f6d6572223b66697273745f6e616d657c733a333a2252616a223b6c6173745f6e616d657c733a353a224b756d6172223b6d6964646c655f6e616d657c733a303a22223b656d61696c7c733a31333a2272616a40676d61696c2e636f6d223b70617373776f72647c733a333a22313233223b6c6f676765645f696e7c733a343a2254525545223b6c6173745f6c6f67696e7c733a31393a22303030302d30302d30302030303a30303a3030223b),
('e70a4c6a28cc1c00f49dcd1df41a7fa39105328e', '::1', 1505447807, 0x5f5f63695f6c6173745f726567656e65726174657c693a313530353434373533353b757365725f69647c733a313a2232223b757365725f747970657c733a383a22437573746f6d6572223b66697273745f6e616d657c733a333a2252616a223b6c6173745f6e616d657c733a353a224b756d6172223b6d6964646c655f6e616d657c733a303a22223b656d61696c7c733a31333a2272616a40676d61696c2e636f6d223b70617373776f72647c733a333a22313233223b6c6f676765645f696e7c733a343a2254525545223b6c6173745f6c6f67696e7c733a31393a22303030302d30302d30302030303a30303a3030223b),
('f21ffbde1903193ccc3fb614192ecf7699a5a3c9', '::1', 1505737055, 0x5f5f63695f6c6173745f726567656e65726174657c693a313530353733363835383b757365725f69647c733a313a2232223b757365725f747970657c733a383a22437573746f6d6572223b66697273745f6e616d657c733a333a2252616a223b6c6173745f6e616d657c733a353a224b756d6172223b6d6964646c655f6e616d657c733a303a22223b656d61696c7c733a31333a2272616a40676d61696c2e636f6d223b6c6173745f6c6f67696e7c733a31393a22303030302d30302d30302030303a30303a3030223b6c6f676765645f696e7c733a343a2254525545223b636865636b6f75745f69647c693a343b636172745f636f6e74656e74737c613a343a7b733a31303a22636172745f746f74616c223b643a31343030303b733a31313a22746f74616c5f6974656d73223b643a323b733a33323a226563636263383765346235636532666532383330386664396632613762616633223b613a393a7b733a323a226964223b733a313a2233223b733a343a226e616d65223b733a31323a224b616e636869205361726565223b733a353a227072696365223b643a373530303b733a353a22696d616765223b733a31353a22494d475f303232372d30312e706e67223b733a353a22636f6c6f72223b733a303a22223b733a343a2273697a65223b733a303a22223b733a333a22717479223b643a313b733a353a22726f776964223b733a33323a226563636263383765346235636532666532383330386664396632613762616633223b733a383a22737562746f74616c223b643a373530303b7d733a33323a226534646133623766626263653233343564373737326230363734613331386435223b613a393a7b733a323a226964223b733a313a2235223b733a343a226e616d65223b733a393a224a6577656c6c657279223b733a353a227072696365223b643a363530303b733a353a22696d616765223b733a31353a224453435f363638372d30312e6a7067223b733a353a22636f6c6f72223b733a303a22223b733a343a2273697a65223b733a303a22223b733a333a22717479223b643a313b733a353a22726f776964223b733a33323a226534646133623766626263653233343564373737326230363734613331386435223b733a383a22737562746f74616c223b643a363530303b7d7d);

-- --------------------------------------------------------

--
-- Table structure for table `tbl_cart`
--

CREATE TABLE `tbl_cart` (
  `cart_id` int(11) NOT NULL,
  `userid` int(11) NOT NULL,
  `created_date` date NOT NULL,
  `total_cart` int(11) NOT NULL DEFAULT '0',
  `is_shipped` int(1) NOT NULL DEFAULT '0'
) ENGINE=InnoDB DEFAULT CHARSET=latin1;

--
-- Dumping data for table `tbl_cart`
--

INSERT INTO `tbl_cart` (`cart_id`, `userid`, `created_date`, `total_cart`, `is_shipped`) VALUES
(1, 2, '2017-09-18', 2, 0);

-- --------------------------------------------------------

--
-- Table structure for table `tbl_cart_product`
--

CREATE TABLE `tbl_cart_product` (
  `id` int(11) NOT NULL,
  `product_cart_id` int(11) NOT NULL,
  `product_id` int(11) NOT NULL,
  `product_price` double NOT NULL,
  `quantity` int(11) NOT NULL DEFAULT '1',
  `color_id` int(11) NOT NULL,
  `size_id` int(11) NOT NULL
) ENGINE=InnoDB DEFAULT CHARSET=latin1;

--
-- Dumping data for table `tbl_cart_product`
--

INSERT INTO `tbl_cart_product` (`id`, `product_cart_id`, `product_id`, `product_price`, `quantity`, `color_id`, `size_id`) VALUES
(1, 1, 3, 7500, 1, 0, 0),
(2, 1, 5, 6500, 1, 0, 0);

-- --------------------------------------------------------

--
-- Table structure for table `tbl_category`
--

CREATE TABLE `tbl_category` (
  `id` int(11) NOT NULL,
  `category` varchar(250) NOT NULL
) ENGINE=InnoDB DEFAULT CHARSET=utf8;

--
-- Dumping data for table `tbl_category`
--

INSERT INTO `tbl_category` (`id`, `category`) VALUES
(1, 'Jewellery'),
(2, 'Saree');

-- --------------------------------------------------------

--
-- Table structure for table `tbl_checkout`
--

CREATE TABLE `tbl_checkout` (
  `checkout_id` int(11) NOT NULL,
  `firstname` varchar(20) NOT NULL,
  `lastname` varchar(20) NOT NULL,
  `address1` text NOT NULL,
  `address2` text NOT NULL,
  `phone` varchar(20) NOT NULL,
  `email` varchar(50) NOT NULL,
  `country` varchar(20) NOT NULL,
  `city` varchar(20) NOT NULL,
  `province` varchar(20) NOT NULL,
  `postcode` varchar(5) NOT NULL,
  `customer_id` int(11) NOT NULL,
  `order_date` datetime NOT NULL,
  `sale_id` int(11) NOT NULL
) ENGINE=InnoDB DEFAULT CHARSET=latin1;

--
-- Dumping data for table `tbl_checkout`
--

INSERT INTO `tbl_checkout` (`checkout_id`, `firstname`, `lastname`, `address1`, `address2`, `phone`, `email`, `country`, `city`, `province`, `postcode`, `customer_id`, `order_date`, `sale_id`) VALUES
(1, 'Raj', 'Kumar', '123', 'vbjgjhgjhg jhgjhgjh', '9876543210', 'raj@gmail.com', 'India', 'coimbatore', 'Tamil Nadu', '64104', 2, '2017-09-18 14:17:35', 1);

-- --------------------------------------------------------

--
-- Table structure for table `tbl_color`
--

CREATE TABLE `tbl_color` (
  `id` int(11) NOT NULL,
  `color` varchar(250) NOT NULL,
  `color_code` varchar(25) DEFAULT NULL
) ENGINE=InnoDB DEFAULT CHARSET=utf8;

--
-- Dumping data for table `tbl_color`
--

INSERT INTO `tbl_color` (`id`, `color`, `color_code`) VALUES
(1, 'red', '#f4260c'),
(2, 'blue', '#2a36a6'),
(3, 'green', '#38840f');

-- --------------------------------------------------------

--
-- Table structure for table `tbl_customers`
--

CREATE TABLE `tbl_customers` (
  `customer_id` int(11) NOT NULL,
  `company_name` varchar(255) NOT NULL,
  `first_name` varchar(255) NOT NULL,
  `last_name` varchar(255) NOT NULL,
  `email` text NOT NULL,
  `password` varchar(100) NOT NULL,
  `phone` text NOT NULL,
  `billing_address1` varchar(255) NOT NULL,
  `billing_address2` varchar(255) NOT NULL,
  `billing_city` int(11) NOT NULL,
  `billing_state` int(11) NOT NULL,
  `billing_country` int(11) NOT NULL,
  `billing_zip` varchar(255) NOT NULL,
  `shipping_address1` varchar(255) NOT NULL,
  `shipping_address2` varchar(255) NOT NULL,
  `shipping_city` int(11) NOT NULL,
  `shipping_state` int(11) NOT NULL,
  `shipping_country` int(11) NOT NULL,
  `shipping_zip` varchar(255) NOT NULL,
  `customer_type` int(11) NOT NULL,
  `tax_id` varchar(255) NOT NULL,
  `year` varchar(5) NOT NULL,
  `credit_card_number` varchar(25) NOT NULL,
  `credit_card_cw` varchar(10) NOT NULL,
  `month` varchar(10) NOT NULL,
  `credit_card_type` varchar(255) NOT NULL,
  `website` varchar(255) NOT NULL,
  `uploadFile` varchar(255) NOT NULL,
  `status` enum('active','inactive') NOT NULL DEFAULT 'active',
  `created_by` int(11) NOT NULL DEFAULT '0',
  `modified_by` int(11) NOT NULL,
  `created_date` datetime NOT NULL,
  `modified_date` int(11) NOT NULL,
  `is_member` int(1) NOT NULL DEFAULT '0',
  `user_id` int(11) NOT NULL
) ENGINE=InnoDB DEFAULT CHARSET=latin1;

--
-- Dumping data for table `tbl_customers`
--

INSERT INTO `tbl_customers` (`customer_id`, `company_name`, `first_name`, `last_name`, `email`, `password`, `phone`, `billing_address1`, `billing_address2`, `billing_city`, `billing_state`, `billing_country`, `billing_zip`, `shipping_address1`, `shipping_address2`, `shipping_city`, `shipping_state`, `shipping_country`, `shipping_zip`, `customer_type`, `tax_id`, `year`, `credit_card_number`, `credit_card_cw`, `month`, `credit_card_type`, `website`, `uploadFile`, `status`, `created_by`, `modified_by`, `created_date`, `modified_date`, `is_member`, `user_id`) VALUES
(1, '', 'Raj', 'Kumar', 'raj@gmail.com', '123456', '9876543210', '', '', 0, 0, 0, '', '', '', 0, 0, 0, '', 0, '', '', '', '', '', '', '', '', 'active', 0, 0, '0000-00-00 00:00:00', 0, 0, 2);

-- --------------------------------------------------------

--
-- Table structure for table `tbl_employee`
--

CREATE TABLE `tbl_employee` (
  `id` int(11) NOT NULL,
  `ename` varchar(255) NOT NULL,
  `dob` date DEFAULT NULL,
  `designation` varchar(255) NOT NULL,
  `scope` varchar(50) NOT NULL,
  `street1` varchar(255) DEFAULT NULL,
  `street2` varchar(255) DEFAULT NULL,
  `city` varchar(255) DEFAULT NULL,
  `state` varchar(255) DEFAULT NULL,
  `country` varchar(255) DEFAULT NULL,
  `phone_number` varchar(25) DEFAULT NULL,
  `email` varchar(50) NOT NULL,
  `password` varchar(250) NOT NULL,
  `photo` varchar(255) DEFAULT NULL,
  `branch_no` int(11) NOT NULL
) ENGINE=InnoDB DEFAULT CHARSET=latin1;

--
-- Dumping data for table `tbl_employee`
--

INSERT INTO `tbl_employee` (`id`, `ename`, `dob`, `designation`, `scope`, `street1`, `street2`, `city`, `state`, `country`, `phone_number`, `email`, `password`, `photo`, `branch_no`) VALUES
(1, 'General Secretory        ', '2017-02-02', 'GS        ', '', 'street', 'aa', 'aa', 'aa', 'aa', '123', 'gs@nube.org', '', '1483948837036.jpg', 0),
(7, 'AGS', '1980-01-01', 'AGS', '', 's1', 's2', 'cc', 'ss', 'cc', '9787596516', 'ags@gmail.com', '', NULL, 9),
(9, 'ani', '1980-01-01', 'Manger', '', 'aa', 'aa', 'aa', 'aa', 'aaa', '123456789', 'admin@gmail.com', '', NULL, 1),
(12, 'Anitha', '1980-01-30', 'Officer', 'qq', 'qq', 'qq', 'qq', 'qq', 'qq', '12345678', 'ani@gmail.com', '12345', NULL, 1),
(13, 'ruth', '1980-01-15', 'Officer', 'ww', 'ww', 'ww', 'ww', 'ww', 'ww', '321456987', 'ruth@gmail.com', '12345', NULL, 8),
(14, 'General ', '1980-01-16', 'GS', 'aa', 'aa', 'aa', 'aa', 'aa', 'aa', '1233', 'gs@gmail.com', '12345', NULL, 1),
(15, 'Front Desk', '1980-01-17', 'FrontDesk', 'll', 'll', 'l', 'l', 'l', 'l', '123', 'fd1@gmail.com', '12345', NULL, 1),
(16, 'Front Desk', '1980-01-01', '', '', '', '', '', '', '', '', '', '', NULL, 0),
(17, 'Front Desk', '1980-01-08', 'FrontDesk', 'aa', 'aa', 'aa', 'aa', 'aa', 'aa', '123', 'fr2@gmail.com', '12345', NULL, 8),
(18, 'manager', '1980-01-01', '', '', '', '', '', '', '', '', '', '', NULL, 0),
(19, 'manager', '1980-01-16', 'Manger', 'ss', 'aa', 'aa', 'aa', 'aa', 'aa', '123', 'mg@gmail.com', '12345', NULL, 8);

-- --------------------------------------------------------

--
-- Table structure for table `tbl_product`
--

CREATE TABLE `tbl_product` (
  `id` int(11) NOT NULL,
  `product_code` varchar(255) DEFAULT NULL,
  `product_name` varchar(255) DEFAULT NULL,
  `product_description` text,
  `product_price` double DEFAULT NULL,
  `banner_image` text,
  `product_image` text,
  `category_id` int(11) DEFAULT NULL,
  `sub_category_id` varchar(50) DEFAULT NULL,
  `color_id` varchar(255) DEFAULT NULL,
  `size_id` varchar(255) DEFAULT NULL,
  `related_product` varchar(255) DEFAULT NULL,
  `featured_product` int(11) DEFAULT '0',
  `latest_product` int(11) DEFAULT '0',
  `quantity` varchar(255) DEFAULT NULL,
  `discount` varchar(255) DEFAULT NULL,
  `gross_amount` varchar(255) DEFAULT NULL,
  `net_amount` varchar(255) DEFAULT NULL,
  `created_date` datetime NOT NULL,
  `created_by` varchar(100) DEFAULT NULL,
  `modified_date` datetime NOT NULL,
  `modified_by` varchar(100) DEFAULT NULL,
  `status` int(11) NOT NULL DEFAULT '1'
) ENGINE=InnoDB DEFAULT CHARSET=utf8;

--
-- Dumping data for table `tbl_product`
--

INSERT INTO `tbl_product` (`id`, `product_code`, `product_name`, `product_description`, `product_price`, `banner_image`, `product_image`, `category_id`, `sub_category_id`, `color_id`, `size_id`, `related_product`, `featured_product`, `latest_product`, `quantity`, `discount`, `gross_amount`, `net_amount`, `created_date`, `created_by`, `modified_date`, `modified_by`, `status`) VALUES
(2, NULL, 'Taant from West Bengal', 'Exclusively designer blue color kalidar lehenga saree is fashioned on shimmer georgette and Silk Net. This saree is prettified with blooming sequins, cutdana, stones, beads, jari, resham embroidery, kundans work all over. This delicate saree is the ultimate adornment for the moment you want to treasure forever', 5000, 'P_20170805_115959_vHDR_Auto.jpg', 'P_20170805_115959_vHDR_Auto.jpg,P_20170805_120500_vHDR_Auto.jpg,', 2, '5', '1', '1', '', 1, 0, '5', '5', '25000.00', '23750.00', '2017-09-11 15:31:24', NULL, '2017-09-15 04:39:08', '1', 1),
(3, NULL, 'Kanchi Saree', 'Victorious navy blue color saree is created on georgette with narrow border and silver piping are marvelous. Complete ensemble is adorned with shimmering pearls, cutdana, stones, dabka work all over. This outfit will definitely add a touch of elegance to your smart personality', 7500, 'IMG_0227-01.png', ',IMG_0052-01.png,IMG_0227-01.png', 2, '5', '1,2,3', '1,2', '2', 1, 1, '5', '10', '37500.00', '33750.00', '2017-09-11 18:52:59', NULL, '2017-09-13 11:28:40', NULL, 1),
(4, NULL, 'Saree 3', 'dffsdf', 7500, 'DSC_6715-0.jpg', 'DSC_6701-01.jpg', 2, '5', '1,2', '1', '2', 1, 1, '5', '5', '37500.00', '35625.00', '2017-09-13 12:32:50', NULL, '0000-00-00 00:00:00', NULL, 1),
(5, NULL, 'Jewellery', 'sddsfsdf', 6500, 'DSC_6687-01.jpg', 'DSC_6687-01.jpg', 1, '1', '1', '1', '', 1, 1, '2', '10', '13000.00', '11700.00', '2017-09-13 12:41:19', NULL, '0000-00-00 00:00:00', NULL, 1),
(6, NULL, 'Jewellery 2', 'asdasds', 5000, 'DSC_6727-0.jpg', 'DSC_6731-01.jpg,DSC_6727-0.jpg', 1, '1', '1', '1', '5', 1, 1, '5', '5', '25000.00', '23750.00', '2017-09-13 12:47:58', NULL, '0000-00-00 00:00:00', NULL, 1);

-- --------------------------------------------------------

--
-- Table structure for table `tbl_sales`
--

CREATE TABLE `tbl_sales` (
  `id` int(11) NOT NULL,
  `buyer_name` varchar(100) NOT NULL,
  `cash_discount` int(11) NOT NULL,
  `grand_amount` double NOT NULL,
  `description` varchar(250) NOT NULL,
  `status` enum('active','inactive') NOT NULL DEFAULT 'active',
  `created_by` int(11) NOT NULL,
  `issue_date` date NOT NULL,
  `due_date` date NOT NULL,
  `total_quantity` int(11) NOT NULL,
  `shipped_status` int(11) NOT NULL COMMENT 'orderpace=0,'
) ENGINE=InnoDB DEFAULT CHARSET=latin1;

--
-- Dumping data for table `tbl_sales`
--

INSERT INTO `tbl_sales` (`id`, `buyer_name`, `cash_discount`, `grand_amount`, `description`, `status`, `created_by`, `issue_date`, `due_date`, `total_quantity`, `shipped_status`) VALUES
(1, 'Raj', 0, 14000, '', 'active', 0, '2017-09-18', '0000-00-00', 2, 0);

-- --------------------------------------------------------

--
-- Table structure for table `tbl_sales_detail`
--

CREATE TABLE `tbl_sales_detail` (
  `id` int(11) NOT NULL,
  `sale_id` int(11) NOT NULL,
  `product_code` varchar(255) DEFAULT NULL,
  `selling_rate` double NOT NULL,
  `discount` int(2) NOT NULL,
  `quantity` int(11) NOT NULL,
  `color_id` int(11) NOT NULL,
  `size_id` int(11) NOT NULL,
  `product_price` int(11) NOT NULL
) ENGINE=InnoDB DEFAULT CHARSET=latin1;

-- --------------------------------------------------------

--
-- Table structure for table `tbl_size`
--

CREATE TABLE `tbl_size` (
  `id` int(11) NOT NULL,
  `size` varchar(200) NOT NULL
) ENGINE=InnoDB DEFAULT CHARSET=utf8;

--
-- Dumping data for table `tbl_size`
--

INSERT INTO `tbl_size` (`id`, `size`) VALUES
(1, '40'),
(2, '35');

-- --------------------------------------------------------

--
-- Table structure for table `tbl_slider`
--

CREATE TABLE `tbl_slider` (
  `id` int(11) NOT NULL,
  `heading1` text NOT NULL,
  `heading2` text NOT NULL,
  `slider` text NOT NULL,
  `created_date` datetime NOT NULL,
  `updated_date` datetime NOT NULL,
  `status` int(11) NOT NULL DEFAULT '0'
) ENGINE=InnoDB DEFAULT CHARSET=utf8;

--
-- Dumping data for table `tbl_slider`
--

INSERT INTO `tbl_slider` (`id`, `heading1`, `heading2`, `slider`, `created_date`, `updated_date`, `status`) VALUES
(1, '', '', '6.jpg', '2017-09-10 22:36:56', '2017-09-12 18:44:54', 1),
(2, '', '', '5.jpg', '2017-09-10 22:37:02', '0000-00-00 00:00:00', 1),
(3, '', '', '7.jpg', '2017-09-12 18:47:16', '0000-00-00 00:00:00', 1);

-- --------------------------------------------------------

--
-- Table structure for table `tbl_sub_category`
--

CREATE TABLE `tbl_sub_category` (
  `id` int(11) NOT NULL,
  `category_id` int(11) DEFAULT NULL,
  `sub_category` varchar(250) DEFAULT NULL
) ENGINE=InnoDB DEFAULT CHARSET=utf8;

--
-- Dumping data for table `tbl_sub_category`
--

INSERT INTO `tbl_sub_category` (`id`, `category_id`, `sub_category`) VALUES
(1, 1, 'Earrings'),
(2, 1, 'Braclets'),
(3, 1, 'Nosepins'),
(4, 1, 'Bangels'),
(5, 2, 'Taant'),
(6, 2, 'Banarasi'),
(7, 2, 'Pochampally'),
(8, 2, 'Konrad'),
(9, 2, 'Phulkari');

-- --------------------------------------------------------

--
-- Table structure for table `user`
--

CREATE TABLE `user` (
  `user_id` bigint(20) NOT NULL,
  `password` varchar(255) NOT NULL,
  `user_type` varchar(255) NOT NULL,
  `email` varchar(255) NOT NULL,
  `logged_in` varchar(255) NOT NULL,
  `last_login` datetime NOT NULL,
  `first_name` varchar(255) NOT NULL,
  `middle_name` varchar(255) NOT NULL,
  `last_name` varchar(255) NOT NULL,
  `phone_no` varchar(25) DEFAULT NULL
) ENGINE=InnoDB DEFAULT CHARSET=latin1;

--
-- Dumping data for table `user`
--

INSERT INTO `user` (`user_id`, `password`, `user_type`, `email`, `logged_in`, `last_login`, `first_name`, `middle_name`, `last_name`, `phone_no`) VALUES
(1, '123', 'ADMIN', 'admin@gmail.com', 'FALSE', '2017-09-15 07:25:49', 'Admin', '', '', '9876543210'),
(2, '123456', 'Customer', 'raj@gmail.com', 'FALSE', '0000-00-00 00:00:00', 'Raj', '', 'Kumar', '9876543210');

--
-- Indexes for dumped tables
--

--
-- Indexes for table `session_table`
--
ALTER TABLE `session_table`
  ADD PRIMARY KEY (`id`),
  ADD KEY `ci_sessions_timestamp` (`timestamp`);

--
-- Indexes for table `tbl_cart`
--
ALTER TABLE `tbl_cart`
  ADD PRIMARY KEY (`cart_id`);

--
-- Indexes for table `tbl_cart_product`
--
ALTER TABLE `tbl_cart_product`
  ADD PRIMARY KEY (`id`);

--
-- Indexes for table `tbl_category`
--
ALTER TABLE `tbl_category`
  ADD PRIMARY KEY (`id`);

--
-- Indexes for table `tbl_checkout`
--
ALTER TABLE `tbl_checkout`
  ADD PRIMARY KEY (`checkout_id`);

--
-- Indexes for table `tbl_color`
--
ALTER TABLE `tbl_color`
  ADD PRIMARY KEY (`id`);

--
-- Indexes for table `tbl_customers`
--
ALTER TABLE `tbl_customers`
  ADD PRIMARY KEY (`customer_id`);

--
-- Indexes for table `tbl_employee`
--
ALTER TABLE `tbl_employee`
  ADD PRIMARY KEY (`id`);

--
-- Indexes for table `tbl_product`
--
ALTER TABLE `tbl_product`
  ADD PRIMARY KEY (`id`);

--
-- Indexes for table `tbl_sales`
--
ALTER TABLE `tbl_sales`
  ADD PRIMARY KEY (`id`);

--
-- Indexes for table `tbl_sales_detail`
--
ALTER TABLE `tbl_sales_detail`
  ADD PRIMARY KEY (`id`);

--
-- Indexes for table `tbl_size`
--
ALTER TABLE `tbl_size`
  ADD PRIMARY KEY (`id`);

--
-- Indexes for table `tbl_slider`
--
ALTER TABLE `tbl_slider`
  ADD PRIMARY KEY (`id`);

--
-- Indexes for table `tbl_sub_category`
--
ALTER TABLE `tbl_sub_category`
  ADD PRIMARY KEY (`id`);

--
-- Indexes for table `user`
--
ALTER TABLE `user`
  ADD PRIMARY KEY (`user_id`);

--
-- AUTO_INCREMENT for dumped tables
--

--
-- AUTO_INCREMENT for table `tbl_cart`
--
ALTER TABLE `tbl_cart`
  MODIFY `cart_id` int(11) NOT NULL AUTO_INCREMENT, AUTO_INCREMENT=2;
--
-- AUTO_INCREMENT for table `tbl_cart_product`
--
ALTER TABLE `tbl_cart_product`
  MODIFY `id` int(11) NOT NULL AUTO_INCREMENT, AUTO_INCREMENT=3;
--
-- AUTO_INCREMENT for table `tbl_category`
--
ALTER TABLE `tbl_category`
  MODIFY `id` int(11) NOT NULL AUTO_INCREMENT, AUTO_INCREMENT=3;
--
-- AUTO_INCREMENT for table `tbl_checkout`
--
ALTER TABLE `tbl_checkout`
  MODIFY `checkout_id` int(11) NOT NULL AUTO_INCREMENT, AUTO_INCREMENT=2;
--
-- AUTO_INCREMENT for table `tbl_color`
--
ALTER TABLE `tbl_color`
  MODIFY `id` int(11) NOT NULL AUTO_INCREMENT, AUTO_INCREMENT=4;
--
-- AUTO_INCREMENT for table `tbl_customers`
--
ALTER TABLE `tbl_customers`
  MODIFY `customer_id` int(11) NOT NULL AUTO_INCREMENT, AUTO_INCREMENT=2;
--
-- AUTO_INCREMENT for table `tbl_employee`
--
ALTER TABLE `tbl_employee`
  MODIFY `id` int(11) NOT NULL AUTO_INCREMENT, AUTO_INCREMENT=20;
--
-- AUTO_INCREMENT for table `tbl_product`
--
ALTER TABLE `tbl_product`
  MODIFY `id` int(11) NOT NULL AUTO_INCREMENT, AUTO_INCREMENT=7;
--
-- AUTO_INCREMENT for table `tbl_sales`
--
ALTER TABLE `tbl_sales`
  MODIFY `id` int(11) NOT NULL AUTO_INCREMENT, AUTO_INCREMENT=2;
--
-- AUTO_INCREMENT for table `tbl_sales_detail`
--
ALTER TABLE `tbl_sales_detail`
  MODIFY `id` int(11) NOT NULL AUTO_INCREMENT;
--
-- AUTO_INCREMENT for table `tbl_size`
--
ALTER TABLE `tbl_size`
  MODIFY `id` int(11) NOT NULL AUTO_INCREMENT, AUTO_INCREMENT=3;
--
-- AUTO_INCREMENT for table `tbl_slider`
--
ALTER TABLE `tbl_slider`
  MODIFY `id` int(11) NOT NULL AUTO_INCREMENT, AUTO_INCREMENT=4;
--
-- AUTO_INCREMENT for table `tbl_sub_category`
--
ALTER TABLE `tbl_sub_category`
  MODIFY `id` int(11) NOT NULL AUTO_INCREMENT, AUTO_INCREMENT=10;
--
-- AUTO_INCREMENT for table `user`
--
ALTER TABLE `user`
  MODIFY `user_id` bigint(20) NOT NULL AUTO_INCREMENT, AUTO_INCREMENT=3;
/*!40101 SET CHARACTER_SET_CLIENT=@OLD_CHARACTER_SET_CLIENT */;
/*!40101 SET CHARACTER_SET_RESULTS=@OLD_CHARACTER_SET_RESULTS */;
/*!40101 SET COLLATION_CONNECTION=@OLD_COLLATION_CONNECTION */;
